Ticker,Date/Time,Close,Trend_MACD_RSI,Trend_MACD_SIGNAL
SPY,04/01/2016,201.02,1.00,1.00
SPY,05/01/2016,201.36,1.00,1.00
SPY,06/01/2016,198.82,1.00,1.00
SPY,07/01/2016,194.05,1.00,1.00
SPY,08/01/2016,191.92,1.00,1.00
SPY,11/01/2016,192.11,1.00,1.00
SPY,12/01/2016,193.66,1.00,1.00
SPY,13/01/2016,188.83,1.00,1.00
SPY,14/01/2016,191.93,1.00,1.00
SPY,15/01/2016,187.81,1.00,1.00
SPY,19/01/2016,188.06,1.00,1.00
SPY,20/01/2016,185.65,1.00,1.00
SPY,21/01/2016,186.69,1.00,1.00
SPY,22/01/2016,190.52,1.00,1.00
SPY,25/01/2016,187.64,1.00,1.00
SPY,26/01/2016,190.20,1.00,1.00
SPY,27/01/2016,188.13,1.00,1.00
SPY,28/01/2016,189.11,1.00,1.00
SPY,29/01/2016,193.72,1.00,1.00
SPY,01/02/2016,193.65,1.00,1.00
SPY,02/02/2016,190.16,1.00,1.00
SPY,03/02/2016,191.30,1.00,1.00
SPY,04/02/2016,191.60,1.00,1.00
SPY,05/02/2016,187.95,1.00,1.00
SPY,08/02/2016,185.42,1.00,1.00
SPY,09/02/2016,185.43,1.00,1.00
SPY,10/02/2016,185.27,1.00,1.00
SPY,11/02/2016,182.86,1.00,1.00
SPY,12/02/2016,186.63,1.00,1.00
SPY,16/02/2016,189.78,1.00,1.00
SPY,17/02/2016,192.88,1.00,1.00
SPY,18/02/2016,192.09,1.00,1.00
SPY,19/02/2016,192.00,2.00,1.00
SPY,22/02/2016,194.78,3.00,2.00
SPY,23/02/2016,192.32,3.00,2.00
SPY,24/02/2016,193.20,3.00,2.00
SPY,25/02/2016,195.54,3.00,2.00
SPY,26/02/2016,195.09,3.00,2.00
SPY,29/02/2016,193.56,3.00,2.00
SPY,01/03/2016,198.11,3.00,2.00
SPY,02/03/2016,199.00,3.00,3.00
SPY,03/03/2016,199.78,3.00,3.00
SPY,04/03/2016,200.43,3.00,3.00
SPY,07/03/2016,200.59,3.00,3.00
SPY,08/03/2016,198.40,3.00,3.00
SPY,09/03/2016,199.38,3.00,3.00
SPY,10/03/2016,199.54,3.00,3.00
SPY,11/03/2016,202.76,3.00,3.00
SPY,14/03/2016,202.50,3.00,3.00
SPY,15/03/2016,202.17,3.00,3.00
SPY,16/03/2016,203.34,3.00,3.00
SPY,17/03/2016,204.63,3.00,3.00
SPY,18/03/2016,204.38,3.00,3.00
SPY,21/03/2016,204.67,3.00,3.00
SPY,22/03/2016,204.56,3.00,3.00
SPY,23/03/2016,203.21,3.00,3.00
SPY,24/03/2016,203.12,3.00,3.00
SPY,28/03/2016,203.24,3.00,3.00
SPY,29/03/2016,205.12,3.00,3.00
SPY,30/03/2016,206.02,3.00,3.00
SPY,31/03/2016,205.52,3.00,3.00
SPY,01/04/2016,206.92,3.00,3.00
SPY,04/04/2016,206.25,3.00,3.00
SPY,05/04/2016,204.19,3.00,3.00
SPY,06/04/2016,206.42,3.00,3.00
SPY,07/04/2016,203.95,3.00,3.00
SPY,08/04/2016,204.50,3.00,3.00
SPY,11/04/2016,204.02,3.00,3.00
SPY,12/04/2016,205.92,3.00,3.00
SPY,13/04/2016,208.00,3.00,3.00
SPY,14/04/2016,208.01,3.00,3.00
SPY,15/04/2016,207.78,3.00,3.00
SPY,18/04/2016,209.24,3.00,3.00
SPY,19/04/2016,209.90,3.00,3.00
SPY,20/04/2016,210.10,3.00,3.00
SPY,21/04/2016,208.97,3.00,3.00
SPY,22/04/2016,208.97,3.00,3.00
SPY,25/04/2016,208.61,3.00,3.00
SPY,26/04/2016,208.92,3.00,3.00
SPY,27/04/2016,209.35,3.00,3.00
SPY,28/04/2016,207.45,3.00,3.00
SPY,29/04/2016,206.33,3.00,3.00
SPY,02/05/2016,207.97,3.00,3.00
SPY,03/05/2016,206.16,3.00,3.00
SPY,04/05/2016,205.01,2.00,3.00
SPY,05/05/2016,204.97,2.00,3.00
SPY,06/05/2016,205.72,1.00,2.00
SPY,09/05/2016,205.89,1.00,2.00
SPY,10/05/2016,208.45,2.00,3.00
SPY,11/05/2016,206.50,2.00,3.00
SPY,12/05/2016,206.56,1.00,2.00
SPY,13/05/2016,204.76,1.00,2.00
SPY,16/05/2016,206.78,1.00,2.00
SPY,17/05/2016,204.85,1.00,2.00
SPY,18/05/2016,204.91,1.00,2.00
SPY,19/05/2016,204.20,1.00,2.00
SPY,20/05/2016,205.49,1.00,2.00
SPY,23/05/2016,205.21,1.00,1.00
SPY,24/05/2016,207.87,1.00,1.00
SPY,25/05/2016,209.28,3.00,2.00
SPY,26/05/2016,209.34,3.00,3.00
SPY,27/05/2016,210.24,3.00,3.00
SPY,31/05/2016,209.84,3.00,3.00
SPY,01/06/2016,210.27,3.00,3.00
SPY,02/06/2016,210.91,3.00,3.00
SPY,03/06/2016,210.28,3.00,3.00
SPY,06/06/2016,211.35,3.00,3.00
SPY,07/06/2016,211.68,3.00,3.00
SPY,08/06/2016,212.37,3.00,3.00
SPY,09/06/2016,212.08,3.00,3.00
SPY,10/06/2016,210.07,3.00,3.00
SPY,13/06/2016,208.45,3.00,3.00
SPY,14/06/2016,208.04,3.00,3.00
SPY,15/06/2016,207.75,2.00,3.00
SPY,16/06/2016,208.37,2.00,3.00
SPY,17/06/2016,206.52,1.00,2.00
SPY,20/06/2016,207.85,1.00,2.00
SPY,21/06/2016,208.44,1.00,2.00
SPY,22/06/2016,208.10,1.00,2.00
SPY,23/06/2016,210.81,2.00,3.00
SPY,24/06/2016,203.24,1.00,2.00
SPY,27/06/2016,199.60,1.00,2.00
SPY,28/06/2016,203.20,1.00,1.00
SPY,29/06/2016,206.66,1.00,1.00
SPY,30/06/2016,209.48,1.00,1.00
SPY,01/07/2016,209.92,1.00,1.00
SPY,05/07/2016,208.41,2.00,1.00
SPY,06/07/2016,209.66,3.00,2.00
SPY,07/07/2016,209.53,3.00,2.00
SPY,08/07/2016,212.65,3.00,2.00
SPY,11/07/2016,213.40,3.00,3.00
SPY,12/07/2016,214.95,3.00,3.00
SPY,13/07/2016,214.92,3.00,3.00
SPY,14/07/2016,216.12,3.00,3.00
SPY,15/07/2016,215.83,3.00,3.00
SPY,18/07/2016,216.41,3.00,3.00
SPY,19/07/2016,216.19,3.00,3.00
SPY,20/07/2016,217.09,3.00,3.00
SPY,21/07/2016,216.27,3.00,3.00
SPY,22/07/2016,217.24,3.00,3.00
SPY,25/07/2016,216.65,3.00,3.00
SPY,26/07/2016,216.75,3.00,3.00
SPY,27/07/2016,216.52,3.00,3.00
SPY,28/07/2016,216.77,3.00,3.00
SPY,29/07/2016,217.12,3.00,3.00
SPY,01/08/2016,216.94,3.00,3.00
SPY,02/08/2016,215.55,3.00,3.00
SPY,03/08/2016,216.18,3.00,3.00
SPY,04/08/2016,216.41,3.00,3.00
SPY,05/08/2016,218.18,3.00,3.00
SPY,08/08/2016,218.05,3.00,3.00
SPY,09/08/2016,218.18,3.00,3.00
SPY,10/08/2016,217.64,3.00,3.00
SPY,11/08/2016,218.65,3.00,3.00
SPY,12/08/2016,218.46,3.00,3.00
SPY,15/08/2016,219.09,3.00,3.00
SPY,16/08/2016,217.96,3.00,3.00
SPY,17/08/2016,218.37,3.00,3.00
SPY,18/08/2016,218.86,3.00,3.00
SPY,19/08/2016,218.54,3.00,3.00
SPY,22/08/2016,218.53,3.00,3.00
SPY,23/08/2016,218.97,3.00,3.00
SPY,24/08/2016,217.85,3.00,3.00
SPY,25/08/2016,217.70,3.00,3.00
SPY,26/08/2016,217.29,3.00,3.00
SPY,29/08/2016,218.36,3.00,3.00
SPY,30/08/2016,218.00,3.00,3.00
SPY,31/08/2016,217.38,3.00,3.00
SPY,01/09/2016,217.39,2.00,3.00
SPY,02/09/2016,218.37,3.00,3.00
SPY,06/09/2016,219.03,3.00,3.00
SPY,07/09/2016,219.01,3.00,3.00
SPY,08/09/2016,218.51,3.00,3.00
SPY,09/09/2016,213.28,2.00,2.00
SPY,12/09/2016,216.34,1.00,2.00
SPY,13/09/2016,213.23,1.00,2.00
SPY,14/09/2016,213.15,1.00,2.00
SPY,15/09/2016,215.28,1.00,1.00
SPY,16/09/2016,213.37,1.00,1.00
SPY,19/09/2016,213.41,1.00,1.00
SPY,20/09/2016,213.42,1.00,1.00
SPY,21/09/2016,215.82,1.00,1.00
SPY,22/09/2016,217.18,1.00,1.00
SPY,23/09/2016,215.99,1.00,1.00
SPY,26/09/2016,214.24,1.00,1.00
SPY,27/09/2016,215.57,2.00,1.00
SPY,28/09/2016,216.64,2.00,1.00
SPY,29/09/2016,214.68,1.00,1.00
SPY,30/09/2016,216.30,1.00,1.00
SPY,03/10/2016,215.78,2.00,1.00
SPY,04/10/2016,214.68,1.00,1.00
SPY,05/10/2016,215.63,1.00,1.00
SPY,06/10/2016,215.78,1.00,1.00
SPY,07/10/2016,215.04,1.00,1.00
SPY,10/10/2016,216.16,1.00,1.00
SPY,11/10/2016,213.43,1.00,1.00
SPY,12/10/2016,213.71,1.00,1.00
SPY,13/10/2016,213.01,1.00,1.00
SPY,14/10/2016,213.12,1.00,1.00
SPY,17/10/2016,212.38,1.00,1.00
SPY,18/10/2016,213.71,1.00,1.00
SPY,19/10/2016,214.28,1.00,1.00
SPY,20/10/2016,213.88,1.00,1.00
SPY,21/10/2016,213.98,1.00,1.00
SPY,24/10/2016,214.89,1.00,1.00
SPY,25/10/2016,214.17,1.00,1.00
SPY,26/10/2016,213.74,1.00,1.00
SPY,27/10/2016,213.17,1.00,1.00
SPY,28/10/2016,212.54,1.00,1.00
SPY,31/10/2016,212.55,1.00,1.00
SPY,01/11/2016,211.01,1.00,1.00
SPY,02/11/2016,209.74,1.00,1.00
SPY,03/11/2016,208.78,1.00,1.00
SPY,04/11/2016,208.55,1.00,1.00
SPY,07/11/2016,213.15,1.00,1.00
SPY,08/11/2016,214.11,1.00,1.00
SPY,09/11/2016,216.38,1.00,1.00
SPY,10/11/2016,216.92,3.00,2.00
SPY,11/11/2016,216.42,3.00,2.00
SPY,14/11/2016,216.59,3.00,2.00
SPY,15/11/2016,218.28,3.00,2.00
SPY,16/11/2016,217.87,3.00,2.00
SPY,17/11/2016,218.99,3.00,3.00
SPY,18/11/2016,218.50,3.00,3.00
SPY,21/11/2016,220.15,3.00,3.00
SPY,22/11/2016,220.58,3.00,3.00
SPY,23/11/2016,220.70,3.00,3.00
SPY,25/11/2016,221.52,3.00,3.00
SPY,28/11/2016,220.48,3.00,3.00
SPY,29/11/2016,220.91,3.00,3.00
SPY,30/11/2016,220.38,3.00,3.00
SPY,01/12/2016,219.57,3.00,3.00
SPY,02/12/2016,219.68,3.00,3.00
SPY,05/12/2016,221.00,3.00,3.00
SPY,06/12/2016,221.70,3.00,3.00
SPY,07/12/2016,224.60,3.00,3.00
SPY,08/12/2016,225.15,3.00,3.00
SPY,09/12/2016,226.51,3.00,3.00
SPY,12/12/2016,226.25,3.00,3.00
SPY,13/12/2016,227.76,3.00,3.00
SPY,14/12/2016,225.88,3.00,3.00
SPY,15/12/2016,226.81,3.00,3.00
SPY,16/12/2016,225.04,3.00,3.00
SPY,19/12/2016,225.53,3.00,3.00
SPY,20/12/2016,226.40,3.00,3.00
SPY,21/12/2016,225.77,3.00,3.00
SPY,22/12/2016,225.38,3.00,3.00
SPY,23/12/2016,225.71,3.00,3.00
SPY,27/12/2016,226.27,3.00,3.00
SPY,28/12/2016,224.40,3.00,3.00
SPY,29/12/2016,224.35,3.00,3.00
SPY,30/12/2016,223.53,3.00,3.00
SPY,03/01/2017,225.24,3.00,3.00
SPY,04/01/2017,226.58,3.00,3.00
SPY,05/01/2017,226.40,3.00,3.00
SPY,06/01/2017,227.21,3.00,3.00
SPY,09/01/2017,226.46,3.00,3.00
SPY,10/01/2017,226.46,3.00,3.00
SPY,11/01/2017,227.10,3.00,3.00
SPY,12/01/2017,226.53,3.00,3.00
SPY,13/01/2017,227.05,3.00,3.00
SPY,17/01/2017,226.25,3.00,3.00
SPY,18/01/2017,226.75,3.00,3.00
SPY,19/01/2017,225.91,3.00,3.00
SPY,20/01/2017,226.74,3.00,3.00
SPY,23/01/2017,226.15,3.00,3.00
SPY,24/01/2017,227.60,3.00,3.00
SPY,25/01/2017,229.57,3.00,3.00
SPY,26/01/2017,229.33,3.00,3.00
SPY,27/01/2017,228.97,3.00,3.00
SPY,30/01/2017,227.55,3.00,3.00
SPY,31/01/2017,227.53,3.00,3.00
SPY,01/02/2017,227.62,3.00,3.00
SPY,02/02/2017,227.77,3.00,3.00
SPY,03/02/2017,229.34,3.00,3.00
SPY,06/02/2017,228.93,3.00,3.00
SPY,07/02/2017,228.94,3.00,3.00
SPY,08/02/2017,229.24,3.00,3.00
SPY,09/02/2017,230.60,3.00,3.00
SPY,10/02/2017,231.51,3.00,3.00
SPY,13/02/2017,232.77,3.00,3.00
SPY,14/02/2017,233.70,3.00,3.00
SPY,15/02/2017,234.92,3.00,3.00
SPY,16/02/2017,234.72,3.00,3.00
SPY,17/02/2017,235.09,3.00,3.00
SPY,21/02/2017,236.49,3.00,3.00
SPY,22/02/2017,236.28,3.00,3.00
SPY,23/02/2017,236.44,3.00,3.00
SPY,24/02/2017,236.74,3.00,3.00
SPY,27/02/2017,237.11,3.00,3.00
SPY,28/02/2017,236.47,3.00,3.00
SPY,01/03/2017,239.78,3.00,3.00
SPY,02/03/2017,238.27,3.00,3.00
SPY,03/03/2017,238.42,3.00,3.00
SPY,06/03/2017,237.71,3.00,3.00
SPY,07/03/2017,237.00,3.00,3.00
SPY,08/03/2017,236.56,3.00,3.00
SPY,09/03/2017,236.86,3.00,3.00
SPY,10/03/2017,237.69,3.00,3.00
SPY,13/03/2017,237.81,3.00,3.00
SPY,14/03/2017,236.90,3.00,3.00
SPY,15/03/2017,238.95,3.00,3.00
SPY,16/03/2017,238.48,3.00,3.00
SPY,17/03/2017,237.03,3.00,3.00
SPY,20/03/2017,236.77,3.00,3.00
SPY,21/03/2017,233.73,3.00,3.00
SPY,22/03/2017,234.28,2.00,3.00
SPY,23/03/2017,234.03,1.00,2.00
SPY,24/03/2017,233.86,1.00,2.00
SPY,27/03/2017,233.62,1.00,2.00
SPY,28/03/2017,235.32,1.00,2.00
SPY,29/03/2017,235.54,1.00,2.00
SPY,30/03/2017,236.29,1.00,2.00
SPY,31/03/2017,235.74,1.00,2.00
SPY,03/04/2017,235.33,2.00,2.00
SPY,04/04/2017,235.48,2.00,2.00
SPY,05/04/2017,234.78,1.00,2.00
SPY,06/04/2017,235.44,1.00,2.00
SPY,07/04/2017,235.20,1.00,2.00
SPY,10/04/2017,235.34,1.00,2.00
SPY,11/04/2017,235.06,1.00,2.00
SPY,12/04/2017,234.03,1.00,2.00
SPY,13/04/2017,232.51,1.00,1.00
SPY,17/04/2017,234.57,1.00,1.00
SPY,18/04/2017,233.87,1.00,1.00
SPY,19/04/2017,233.44,1.00,1.00
SPY,20/04/2017,235.34,1.00,1.00
SPY,21/04/2017,234.59,1.00,1.00
SPY,24/04/2017,237.17,1.00,1.00
SPY,25/04/2017,238.55,3.00,2.00
SPY,26/04/2017,238.40,3.00,2.00
SPY,27/04/2017,238.60,3.00,3.00
SPY,28/04/2017,238.08,3.00,3.00
SPY,01/05/2017,238.68,3.00,3.00
SPY,02/05/2017,238.77,3.00,3.00
SPY,03/05/2017,238.48,3.00,3.00
SPY,04/05/2017,238.76,3.00,3.00
SPY,05/05/2017,239.70,3.00,3.00
SPY,08/05/2017,239.66,3.00,3.00
SPY,09/05/2017,239.44,3.00,3.00
SPY,10/05/2017,239.87,3.00,3.00
SPY,11/05/2017,239.38,3.00,3.00
SPY,12/05/2017,238.98,3.00,3.00
SPY,15/05/2017,240.30,3.00,3.00
SPY,16/05/2017,240.08,3.00,3.00
SPY,17/05/2017,235.82,3.00,3.00
SPY,18/05/2017,236.77,3.00,3.00
SPY,19/05/2017,238.31,3.00,3.00
SPY,22/05/2017,239.52,2.00,3.00
SPY,23/05/2017,240.05,2.00,3.00
SPY,24/05/2017,240.61,3.00,3.00
SPY,25/05/2017,241.76,3.00,3.00
SPY,26/05/2017,241.71,3.00,3.00
SPY,30/05/2017,241.50,3.00,3.00
SPY,31/05/2017,241.44,3.00,3.00
SPY,01/06/2017,243.36,3.00,3.00
SPY,02/06/2017,244.17,3.00,3.00
SPY,05/06/2017,243.99,3.00,3.00
SPY,06/06/2017,243.21,3.00,3.00
SPY,07/06/2017,243.66,3.00,3.00
SPY,08/06/2017,243.78,3.00,3.00
SPY,09/06/2017,243.41,3.00,3.00
SPY,12/06/2017,243.36,3.00,3.00
SPY,13/06/2017,244.55,3.00,3.00
SPY,14/06/2017,244.24,3.00,3.00
SPY,15/06/2017,243.77,3.00,3.00
SPY,16/06/2017,242.64,3.00,3.00
SPY,19/06/2017,244.66,3.00,3.00
SPY,20/06/2017,243.01,3.00,3.00
SPY,21/06/2017,242.95,3.00,3.00
SPY,22/06/2017,242.84,3.00,3.00
SPY,23/06/2017,243.13,3.00,3.00
SPY,26/06/2017,243.29,3.00,3.00
SPY,27/06/2017,241.33,2.00,3.00
SPY,28/06/2017,243.49,3.00,3.00
SPY,29/06/2017,241.35,2.00,3.00
SPY,30/06/2017,241.80,2.00,3.00
SPY,03/07/2017,242.21,1.00,2.00
SPY,05/07/2017,242.77,2.00,3.00
SPY,06/07/2017,240.55,1.00,2.00
SPY,07/07/2017,242.11,1.00,2.00
SPY,10/07/2017,242.37,1.00,2.00
SPY,11/07/2017,242.19,1.00,2.00
SPY,12/07/2017,244.01,2.00,3.00
SPY,13/07/2017,244.42,3.00,3.00
SPY,14/07/2017,245.56,3.00,3.00
SPY,17/07/2017,245.53,3.00,3.00
SPY,18/07/2017,245.66,3.00,3.00
SPY,19/07/2017,246.99,3.00,3.00
SPY,20/07/2017,247.10,3.00,3.00
SPY,21/07/2017,246.88,3.00,3.00
SPY,24/07/2017,246.82,3.00,3.00
SPY,25/07/2017,247.42,3.00,3.00
SPY,26/07/2017,247.43,3.00,3.00
SPY,27/07/2017,247.20,3.00,3.00
SPY,28/07/2017,246.91,3.00,3.00
SPY,31/07/2017,246.77,3.00,3.00
SPY,01/08/2017,247.32,3.00,3.00
SPY,02/08/2017,247.44,3.00,3.00
SPY,03/08/2017,246.96,3.00,3.00
SPY,04/08/2017,247.41,3.00,3.00
SPY,07/08/2017,247.87,3.00,3.00
SPY,08/08/2017,247.26,3.00,3.00
SPY,09/08/2017,247.25,3.00,3.00
SPY,10/08/2017,243.76,3.00,3.00
SPY,11/08/2017,244.12,3.00,3.00
SPY,14/08/2017,246.54,2.00,3.00
SPY,15/08/2017,246.51,2.00,3.00
SPY,16/08/2017,246.94,2.00,3.00
SPY,17/08/2017,243.09,1.00,2.00
SPY,18/08/2017,242.71,1.00,2.00
SPY,21/08/2017,242.90,1.00,2.00
SPY,22/08/2017,245.44,1.00,2.00
SPY,23/08/2017,244.56,1.00,2.00
SPY,24/08/2017,243.99,1.00,1.00
SPY,25/08/2017,244.56,1.00,1.00
SPY,28/08/2017,244.57,1.00,1.00
SPY,29/08/2017,244.85,1.00,1.00
SPY,30/08/2017,246.01,1.00,1.00
SPY,31/08/2017,247.49,3.00,2.00
SPY,01/09/2017,247.84,3.00,2.00
SPY,05/09/2017,246.06,3.00,2.00
SPY,06/09/2017,246.90,3.00,3.00
SPY,07/09/2017,246.87,3.00,3.00
SPY,08/09/2017,246.58,3.00,3.00
SPY,11/09/2017,249.21,3.00,3.00
SPY,12/09/2017,250.05,3.00,3.00
SPY,13/09/2017,250.17,3.00,3.00
SPY,14/09/2017,250.09,3.00,3.00
SPY,15/09/2017,249.19,3.00,3.00
SPY,18/09/2017,249.72,3.00,3.00
SPY,19/09/2017,249.97,3.00,3.00
SPY,20/09/2017,250.06,3.00,3.00
SPY,21/09/2017,249.39,3.00,3.00
SPY,22/09/2017,249.44,3.00,3.00
SPY,25/09/2017,248.93,3.00,3.00
SPY,26/09/2017,249.08,3.00,3.00
SPY,27/09/2017,250.05,3.00,3.00
SPY,28/09/2017,250.35,3.00,3.00
SPY,29/09/2017,251.23,3.00,3.00
SPY,02/10/2017,252.32,3.00,3.00
SPY,03/10/2017,252.86,3.00,3.00
SPY,04/10/2017,253.16,3.00,3.00
SPY,05/10/2017,254.66,3.00,3.00
SPY,06/10/2017,254.37,3.00,3.00
SPY,09/10/2017,253.95,3.00,3.00
SPY,10/10/2017,254.62,3.00,3.00
SPY,11/10/2017,255.02,3.00,3.00
SPY,12/10/2017,254.64,3.00,3.00
SPY,13/10/2017,254.95,3.00,3.00
SPY,16/10/2017,255.29,3.00,3.00
SPY,17/10/2017,255.47,3.00,3.00
SPY,18/10/2017,255.72,3.00,3.00
SPY,19/10/2017,255.79,3.00,3.00
SPY,20/10/2017,257.11,3.00,3.00
SPY,23/10/2017,256.11,3.00,3.00
SPY,24/10/2017,256.56,3.00,3.00
SPY,25/10/2017,255.29,3.00,3.00
SPY,26/10/2017,255.62,3.00,3.00
SPY,27/10/2017,257.71,3.00,3.00
SPY,30/10/2017,256.75,3.00,3.00
SPY,31/10/2017,257.15,3.00,3.00
SPY,01/11/2017,257.49,3.00,3.00
SPY,02/11/2017,257.59,3.00,3.00
SPY,03/11/2017,258.45,3.00,3.00
SPY,06/11/2017,258.85,3.00,3.00
SPY,07/11/2017,258.67,3.00,3.00
SPY,08/11/2017,259.11,3.00,3.00
SPY,09/11/2017,258.17,3.00,3.00
SPY,10/11/2017,258.09,3.00,3.00
SPY,13/11/2017,258.33,3.00,3.00
SPY,14/11/2017,257.73,3.00,3.00
SPY,15/11/2017,256.44,3.00,3.00
SPY,16/11/2017,258.62,3.00,3.00
SPY,17/11/2017,257.86,3.00,3.00
SPY,20/11/2017,258.30,3.00,3.00
SPY,21/11/2017,259.99,3.00,3.00
SPY,22/11/2017,259.76,3.00,3.00
SPY,24/11/2017,260.36,3.00,3.00
SPY,27/11/2017,260.23,3.00,3.00
SPY,28/11/2017,262.87,3.00,3.00
SPY,29/11/2017,262.71,3.00,3.00
SPY,30/11/2017,265.01,3.00,3.00
SPY,01/12/2017,264.46,3.00,3.00
SPY,04/12/2017,264.14,3.00,3.00
SPY,05/12/2017,263.19,3.00,3.00
SPY,06/12/2017,263.24,3.00,3.00
SPY,07/12/2017,264.07,3.00,3.00
SPY,08/12/2017,265.51,3.00,3.00
SPY,11/12/2017,266.31,3.00,3.00
SPY,12/12/2017,266.78,3.00,3.00
SPY,13/12/2017,266.75,3.00,3.00
SPY,14/12/2017,265.66,3.00,3.00
SPY,15/12/2017,266.51,3.00,3.00
SPY,18/12/2017,268.20,3.00,3.00
SPY,19/12/2017,267.17,3.00,3.00
SPY,20/12/2017,267.03,3.00,3.00
SPY,21/12/2017,267.58,3.00,3.00
SPY,22/12/2017,267.51,3.00,3.00
SPY,26/12/2017,267.19,3.00,3.00
SPY,27/12/2017,267.32,3.00,3.00
SPY,28/12/2017,267.87,3.00,3.00
SPY,29/12/2017,266.86,3.00,3.00
SPY,02/01/2018,268.77,3.00,3.00
SPY,03/01/2018,270.47,3.00,3.00
SPY,04/01/2018,271.61,3.00,3.00
SPY,05/01/2018,273.42,3.00,3.00
SPY,08/01/2018,273.92,3.00,3.00
SPY,09/01/2018,274.54,3.00,3.00
SPY,10/01/2018,274.12,3.00,3.00
SPY,11/01/2018,276.12,3.00,3.00
SPY,12/01/2018,277.92,3.00,3.00
SPY,16/01/2018,276.97,3.00,3.00
SPY,17/01/2018,279.61,3.00,3.00
SPY,18/01/2018,279.14,3.00,3.00
SPY,19/01/2018,280.41,3.00,3.00
SPY,22/01/2018,282.69,3.00,3.00
SPY,23/01/2018,283.29,3.00,3.00
SPY,24/01/2018,283.18,3.00,3.00
SPY,25/01/2018,283.30,3.00,3.00
SPY,26/01/2018,286.58,3.00,3.00
SPY,29/01/2018,284.68,3.00,3.00
SPY,30/01/2018,281.76,3.00,3.00
SPY,31/01/2018,281.90,3.00,3.00
SPY,01/02/2018,281.58,3.00,3.00
SPY,02/02/2018,275.45,3.00,3.00
SPY,05/02/2018,263.93,2.00,3.00
SPY,06/02/2018,269.13,1.00,2.00
SPY,07/02/2018,267.67,1.00,2.00
SPY,08/02/2018,257.63,1.00,2.00
SPY,09/02/2018,261.50,1.00,2.00
SPY,12/02/2018,265.34,1.00,2.00
SPY,13/02/2018,266.00,1.00,1.00
SPY,14/02/2018,269.59,1.00,1.00
SPY,15/02/2018,273.03,1.00,1.00
SPY,16/02/2018,273.11,1.00,1.00
SPY,20/02/2018,271.40,1.00,1.00
SPY,21/02/2018,270.05,1.00,1.00
SPY,22/02/2018,270.40,2.00,1.00
SPY,23/02/2018,274.71,2.00,1.00
SPY,26/02/2018,277.90,3.00,2.00
SPY,27/02/2018,274.43,3.00,2.00
SPY,28/02/2018,271.65,3.00,2.00
SPY,01/03/2018,267.70,2.00,1.00
SPY,02/03/2018,269.08,2.00,1.00
SPY,05/03/2018,272.19,1.00,1.00
SPY,06/03/2018,272.88,1.00,1.00
SPY,07/03/2018,272.78,1.00,1.00
SPY,08/03/2018,274.10,3.00,2.00
SPY,09/03/2018,278.87,3.00,2.00
SPY,12/03/2018,278.52,3.00,2.00
SPY,13/03/2018,276.72,3.00,3.00
SPY,14/03/2018,275.30,3.00,3.00
SPY,15/03/2018,275.00,3.00,3.00
SPY,16/03/2018,274.20,3.00,3.00
SPY,19/03/2018,270.49,3.00,3.00
SPY,20/03/2018,270.95,2.00,3.00
SPY,21/03/2018,270.43,1.00,2.00
SPY,22/03/2018,263.67,1.00,2.00
SPY,23/03/2018,258.05,1.00,1.00
SPY,26/03/2018,265.11,1.00,1.00
SPY,27/03/2018,260.60,1.00,1.00
SPY,28/03/2018,259.83,1.00,1.00
SPY,29/03/2018,263.15,1.00,1.00
SPY,02/04/2018,257.47,1.00,1.00
SPY,03/04/2018,260.77,1.00,1.00
SPY,04/04/2018,263.56,1.00,1.00
SPY,05/04/2018,265.64,1.00,1.00
SPY,06/04/2018,259.72,1.00,1.00
SPY,09/04/2018,261.00,1.00,1.00
SPY,10/04/2018,265.15,1.00,1.00
SPY,11/04/2018,263.76,1.00,1.00
SPY,12/04/2018,265.93,1.00,1.00
SPY,13/04/2018,265.15,1.00,1.00
SPY,16/04/2018,267.33,2.00,1.00
SPY,17/04/2018,270.19,2.00,1.00
SPY,18/04/2018,270.39,3.00,2.00
SPY,19/04/2018,268.89,3.00,2.00
SPY,20/04/2018,266.61,3.00,2.00
SPY,23/04/2018,266.57,3.00,2.00
SPY,24/04/2018,262.98,2.00,1.00
SPY,25/04/2018,263.63,1.00,1.00
SPY,26/04/2018,266.31,1.00,1.00
SPY,27/04/2018,266.56,1.00,1.00
SPY,30/04/2018,264.51,1.00,1.00
SPY,01/05/2018,264.98,1.00,1.00
SPY,02/05/2018,263.20,1.00,1.00
SPY,03/05/2018,262.62,1.00,1.00
SPY,04/05/2018,266.02,1.00,1.00
SPY,07/05/2018,266.92,1.00,1.00
SPY,08/05/2018,266.92,1.00,1.00
SPY,09/05/2018,269.50,3.00,2.00
SPY,10/05/2018,272.02,3.00,2.00
SPY,11/05/2018,272.85,3.00,3.00
SPY,14/05/2018,272.98,3.00,3.00
SPY,15/05/2018,271.10,3.00,3.00
SPY,16/05/2018,272.24,3.00,3.00
SPY,17/05/2018,272.01,3.00,3.00
SPY,18/05/2018,271.33,3.00,3.00
SPY,21/05/2018,273.37,3.00,3.00
SPY,22/05/2018,272.61,3.00,3.00
SPY,23/05/2018,273.36,3.00,3.00
SPY,24/05/2018,272.80,3.00,3.00
SPY,25/05/2018,272.15,3.00,3.00
SPY,29/05/2018,269.02,3.00,3.00
SPY,30/05/2018,272.61,3.00,3.00
SPY,31/05/2018,270.94,3.00,3.00
SPY,01/06/2018,273.60,3.00,3.00
SPY,04/06/2018,274.90,3.00,3.00
SPY,05/06/2018,275.10,3.00,3.00
SPY,06/06/2018,277.40,3.00,3.00
SPY,07/06/2018,277.37,3.00,3.00
SPY,08/06/2018,278.19,3.00,3.00
SPY,11/06/2018,278.56,3.00,3.00
SPY,12/06/2018,278.92,3.00,3.00
SPY,13/06/2018,278.03,3.00,3.00
SPY,14/06/2018,278.73,3.00,3.00
SPY,15/06/2018,277.13,3.00,3.00
SPY,18/06/2018,276.56,3.00,3.00
SPY,19/06/2018,275.50,3.00,3.00
SPY,20/06/2018,275.97,3.00,3.00
SPY,21/06/2018,274.24,3.00,3.00
SPY,22/06/2018,274.74,2.00,3.00
SPY,25/06/2018,271.00,2.00,3.00
SPY,26/06/2018,271.60,1.00,2.00
SPY,27/06/2018,269.35,1.00,2.00
SPY,28/06/2018,270.89,1.00,2.00
SPY,29/06/2018,271.28,1.00,2.00
SPY,02/07/2018,271.86,1.00,2.00
SPY,03/07/2018,270.90,1.00,2.00
SPY,05/07/2018,273.11,1.00,2.00
SPY,06/07/2018,275.42,1.00,1.00
SPY,09/07/2018,277.90,3.00,3.00
SPY,10/07/2018,278.90,3.00,3.00
SPY,11/07/2018,276.86,3.00,3.00
SPY,12/07/2018,279.37,3.00,3.00
SPY,13/07/2018,279.59,3.00,3.00
SPY,16/07/2018,279.34,3.00,3.00
SPY,17/07/2018,280.47,3.00,3.00
SPY,18/07/2018,281.06,3.00,3.00
SPY,19/07/2018,280.00,3.00,3.00
SPY,20/07/2018,279.68,3.00,3.00
SPY,23/07/2018,280.20,3.00,3.00
SPY,24/07/2018,281.61,3.00,3.00
SPY,25/07/2018,284.01,3.00,3.00
SPY,26/07/2018,283.34,3.00,3.00
SPY,27/07/2018,281.42,3.00,3.00
SPY,30/07/2018,279.95,3.00,3.00
SPY,31/07/2018,281.33,3.00,3.00
SPY,01/08/2018,280.86,3.00,3.00
SPY,02/08/2018,282.39,3.00,3.00
SPY,03/08/2018,283.60,3.00,3.00
SPY,06/08/2018,284.64,3.00,3.00
SPY,07/08/2018,285.58,3.00,3.00
SPY,08/08/2018,285.46,3.00,3.00
SPY,09/08/2018,285.07,3.00,3.00
SPY,10/08/2018,283.16,3.00,3.00
SPY,13/08/2018,282.10,3.00,3.00
SPY,14/08/2018,283.90,3.00,3.00
SPY,15/08/2018,281.78,3.00,3.00
SPY,16/08/2018,284.06,3.00,3.00
SPY,17/08/2018,285.06,3.00,3.00
SPY,20/08/2018,285.67,3.00,3.00
SPY,21/08/2018,286.34,3.00,3.00
SPY,22/08/2018,286.17,3.00,3.00
SPY,23/08/2018,285.79,3.00,3.00
SPY,24/08/2018,287.51,3.00,3.00
SPY,27/08/2018,289.78,3.00,3.00
SPY,28/08/2018,289.92,3.00,3.00
SPY,29/08/2018,291.48,3.00,3.00
SPY,30/08/2018,290.30,3.00,3.00
SPY,31/08/2018,290.31,3.00,3.00
SPY,04/09/2018,289.81,3.00,3.00
SPY,05/09/2018,289.03,3.00,3.00
SPY,06/09/2018,288.16,3.00,3.00
SPY,07/09/2018,287.60,3.00,3.00
SPY,10/09/2018,288.10,3.00,3.00
SPY,11/09/2018,289.05,3.00,3.00
SPY,12/09/2018,289.12,3.00,3.00
SPY,13/09/2018,290.83,3.00,3.00
SPY,14/09/2018,290.88,3.00,3.00
SPY,17/09/2018,289.34,3.00,3.00
SPY,18/09/2018,290.91,3.00,3.00
SPY,19/09/2018,291.22,3.00,3.00
SPY,20/09/2018,293.58,3.00,3.00
SPY,21/09/2018,291.99,3.00,3.00
SPY,24/09/2018,291.02,3.00,3.00
SPY,25/09/2018,290.75,3.00,3.00
SPY,26/09/2018,289.88,3.00,3.00
SPY,27/09/2018,290.69,3.00,3.00
SPY,28/09/2018,290.72,3.00,3.00
SPY,01/10/2018,291.73,3.00,3.00
SPY,02/10/2018,291.56,3.00,3.00
SPY,03/10/2018,291.72,3.00,3.00
SPY,04/10/2018,289.44,3.00,3.00
SPY,05/10/2018,287.82,3.00,3.00
SPY,08/10/2018,287.82,1.00,2.00
SPY,09/10/2018,287.40,1.00,2.00
SPY,10/10/2018,278.30,1.00,2.00
SPY,11/10/2018,272.17,1.00,2.00
SPY,12/10/2018,275.95,1.00,1.00
SPY,15/10/2018,274.40,1.00,1.00
SPY,16/10/2018,280.40,1.00,1.00
SPY,17/10/2018,280.45,1.00,1.00
SPY,18/10/2018,276.40,1.00,1.00
SPY,19/10/2018,276.25,1.00,1.00
SPY,22/10/2018,275.01,1.00,1.00
SPY,23/10/2018,273.61,1.00,1.00
SPY,24/10/2018,265.32,1.00,1.00
SPY,25/10/2018,270.08,1.00,1.00
SPY,26/10/2018,265.33,1.00,1.00
SPY,29/10/2018,263.86,1.00,1.00
SPY,30/10/2018,267.77,1.00,1.00
SPY,31/10/2018,270.63,1.00,1.00
SPY,01/11/2018,273.51,1.00,1.00
SPY,02/11/2018,271.89,1.00,1.00
SPY,05/11/2018,273.39,1.00,1.00
SPY,06/11/2018,275.12,1.00,1.00
SPY,07/11/2018,281.01,2.00,1.00
SPY,08/11/2018,280.50,2.00,1.00
SPY,09/11/2018,277.76,2.00,1.00
SPY,12/11/2018,272.57,2.00,1.00
SPY,13/11/2018,272.06,2.00,1.00
SPY,14/11/2018,270.20,1.00,1.00
SPY,15/11/2018,273.02,1.00,1.00
SPY,16/11/2018,273.73,1.00,1.00
SPY,19/11/2018,269.10,1.00,1.00
SPY,20/11/2018,264.12,1.00,1.00
SPY,21/11/2018,265.02,1.00,1.00
SPY,23/11/2018,263.25,1.00,1.00
SPY,26/11/2018,267.50,1.00,1.00
SPY,27/11/2018,268.40,1.00,1.00
SPY,28/11/2018,274.58,1.00,1.00
SPY,29/11/2018,273.98,1.00,1.00
SPY,30/11/2018,275.65,2.00,1.00
SPY,03/12/2018,279.30,3.00,2.00
SPY,04/12/2018,270.25,3.00,2.00
SPY,06/12/2018,269.84,2.00,1.00
SPY,07/12/2018,263.57,2.00,1.00
SPY,10/12/2018,264.07,1.00,1.00
SPY,11/12/2018,264.13,1.00,1.00
SPY,12/12/2018,265.46,1.00,1.00
SPY,13/12/2018,265.37,1.00,1.00
SPY,14/12/2018,260.47,1.00,1.00
SPY,17/12/2018,255.36,1.00,1.00
SPY,18/12/2018,255.08,1.00,1.00
SPY,19/12/2018,251.26,1.00,1.00
SPY,20/12/2018,247.17,1.00,1.00
SPY,21/12/2018,240.70,1.00,1.00
SPY,24/12/2018,234.34,1.00,1.00
SPY,26/12/2018,246.18,1.00,1.00
SPY,27/12/2018,248.07,1.00,1.00
SPY,28/12/2018,247.75,1.00,1.00
SPY,31/12/2018,249.92,1.00,1.00
SPY,02/01/2019,250.18,1.00,1.00
SPY,03/01/2019,244.21,1.00,1.00
SPY,04/01/2019,252.39,1.00,1.00
SPY,07/01/2019,254.38,1.00,1.00
SPY,08/01/2019,256.77,1.00,1.00
SPY,09/01/2019,257.97,1.00,1.00
SPY,10/01/2019,258.88,2.00,1.00
SPY,11/01/2019,258.98,2.00,1.00
SPY,14/01/2019,257.40,2.00,1.00
SPY,15/01/2019,260.35,3.00,2.00
SPY,16/01/2019,260.98,3.00,2.00
SPY,17/01/2019,262.96,3.00,2.00
SPY,18/01/2019,266.46,3.00,2.00
SPY,22/01/2019,262.86,3.00,2.00
SPY,23/01/2019,263.41,3.00,2.00
SPY,24/01/2019,263.55,3.00,2.00
SPY,25/01/2019,265.78,3.00,3.00
SPY,28/01/2019,263.76,3.00,3.00
SPY,29/01/2019,263.41,3.00,3.00
SPY,30/01/2019,267.58,3.00,3.00
SPY,31/01/2019,269.93,3.00,3.00
SPY,01/02/2019,270.06,3.00,3.00
SPY,04/02/2019,271.96,3.00,3.00
SPY,05/02/2019,273.10,3.00,3.00
SPY,06/02/2019,272.74,3.00,3.00
SPY,07/02/2019,270.14,3.00,3.00
SPY,08/02/2019,270.47,3.00,3.00
SPY,11/02/2019,270.62,3.00,3.00
SPY,12/02/2019,274.10,3.00,3.00
SPY,13/02/2019,274.99,3.00,3.00
SPY,14/02/2019,274.38,3.00,3.00
SPY,15/02/2019,277.37,3.00,3.00
SPY,19/02/2019,277.85,3.00,3.00
SPY,20/02/2019,278.41,3.00,3.00
SPY,21/02/2019,277.42,3.00,3.00
SPY,22/02/2019,279.14,3.00,3.00
SPY,25/02/2019,279.52,3.00,3.00
SPY,26/02/2019,279.32,3.00,3.00
SPY,27/02/2019,279.20,3.00,3.00
SPY,28/02/2019,278.68,3.00,3.00
SPY,01/03/2019,280.42,3.00,3.00
SPY,04/03/2019,279.40,3.00,3.00
SPY,05/03/2019,279.02,3.00,3.00
SPY,06/03/2019,277.33,3.00,3.00
SPY,07/03/2019,275.01,3.00,3.00
SPY,08/03/2019,274.46,3.00,3.00
SPY,11/03/2019,278.44,3.00,3.00
SPY,12/03/2019,279.49,3.00,3.00
SPY,13/03/2019,281.34,3.00,3.00
SPY,14/03/2019,281.16,3.00,3.00
SPY,15/03/2019,281.31,3.00,3.00
SPY,18/03/2019,282.33,3.00,3.00
SPY,19/03/2019,282.40,3.00,3.00
SPY,20/03/2019,281.55,3.00,3.00
SPY,21/03/2019,284.73,3.00,3.00
SPY,22/03/2019,279.25,3.00,3.00
SPY,25/03/2019,279.04,3.00,3.00
SPY,26/03/2019,281.12,3.00,3.00
SPY,27/03/2019,279.65,3.00,3.00
SPY,28/03/2019,280.71,3.00,3.00
SPY,29/03/2019,282.48,3.00,3.00
SPY,01/04/2019,285.83,3.00,3.00
SPY,02/04/2019,285.97,3.00,3.00
SPY,03/04/2019,286.42,3.00,3.00
SPY,04/04/2019,287.18,3.00,3.00
SPY,05/04/2019,288.57,3.00,3.00
SPY,08/04/2019,288.79,3.00,3.00
SPY,09/04/2019,287.31,3.00,3.00
SPY,10/04/2019,288.29,3.00,3.00
SPY,11/04/2019,288.21,3.00,3.00
SPY,12/04/2019,290.16,3.00,3.00
SPY,15/04/2019,289.97,3.00,3.00
SPY,16/04/2019,290.16,3.00,3.00
SPY,17/04/2019,289.45,3.00,3.00
SPY,18/04/2019,290.02,3.00,3.00
SPY,22/04/2019,290.27,3.00,3.00
SPY,23/04/2019,292.88,3.00,3.00
SPY,24/04/2019,292.23,3.00,3.00
SPY,25/04/2019,292.05,3.00,3.00
SPY,26/04/2019,293.41,3.00,3.00
SPY,29/04/2019,293.87,3.00,3.00
SPY,30/04/2019,294.02,3.00,3.00
SPY,01/05/2019,291.81,3.00,3.00
SPY,02/05/2019,291.18,3.00,3.00
SPY,03/05/2019,294.03,3.00,3.00
SPY,06/05/2019,292.82,3.00,3.00
SPY,07/05/2019,287.93,3.00,3.00
SPY,08/05/2019,287.53,3.00,3.00
SPY,09/05/2019,286.66,2.00,3.00
SPY,10/05/2019,288.10,2.00,3.00
SPY,13/05/2019,280.86,1.00,2.00
SPY,14/05/2019,283.40,1.00,2.00
SPY,15/05/2019,285.06,1.00,2.00
SPY,16/05/2019,287.70,1.00,2.00
SPY,17/05/2019,285.84,1.00,2.00
SPY,20/05/2019,283.95,1.00,2.00
SPY,21/05/2019,286.51,1.00,1.00
SPY,22/05/2019,285.63,1.00,1.00
SPY,23/05/2019,282.14,1.00,1.00
SPY,24/05/2019,282.78,1.00,1.00
SPY,28/05/2019,280.15,1.00,1.00
SPY,29/05/2019,278.27,1.00,1.00
SPY,30/05/2019,279.03,1.00,1.00
SPY,31/05/2019,275.27,1.00,1.00
SPY,03/06/2019,274.57,1.00,1.00
SPY,04/06/2019,280.53,1.00,1.00
SPY,05/06/2019,282.96,1.00,1.00
SPY,06/06/2019,284.80,1.00,1.00
SPY,07/06/2019,287.65,1.00,1.00
SPY,10/06/2019,288.97,2.00,1.00
SPY,11/06/2019,288.90,3.00,2.00
SPY,12/06/2019,288.39,3.00,2.00
SPY,13/06/2019,289.58,3.00,2.00
SPY,14/06/2019,289.26,3.00,2.00
SPY,17/06/2019,289.37,3.00,2.00
SPY,18/06/2019,292.40,3.00,3.00
SPY,19/06/2019,293.06,3.00,3.00
SPY,20/06/2019,295.86,3.00,3.00
SPY,21/06/2019,294.00,3.00,3.00
SPY,24/06/2019,293.64,3.00,3.00
SPY,25/06/2019,290.76,3.00,3.00
SPY,26/06/2019,290.47,3.00,3.00
SPY,27/06/2019,291.50,3.00,3.00
SPY,28/06/2019,293.00,3.00,3.00
SPY,01/07/2019,295.66,3.00,3.00
SPY,02/07/2019,296.43,3.00,3.00
SPY,03/07/2019,298.80,3.00,3.00
SPY,05/07/2019,298.46,3.00,3.00
SPY,08/07/2019,296.82,3.00,3.00
SPY,09/07/2019,297.19,3.00,3.00
SPY,10/07/2019,298.61,3.00,3.00
SPY,11/07/2019,299.31,3.00,3.00
SPY,12/07/2019,300.65,3.00,3.00
SPY,15/07/2019,300.75,3.00,3.00
SPY,16/07/2019,299.78,3.00,3.00
SPY,17/07/2019,297.74,3.00,3.00
SPY,18/07/2019,298.83,3.00,3.00
SPY,19/07/2019,297.17,3.00,3.00
SPY,22/07/2019,297.90,3.00,3.00
SPY,23/07/2019,300.03,3.00,3.00
SPY,24/07/2019,301.44,3.00,3.00
SPY,25/07/2019,300.00,3.00,3.00
SPY,26/07/2019,302.01,3.00,3.00
SPY,29/07/2019,301.46,3.00,3.00
SPY,30/07/2019,300.72,3.00,3.00
SPY,31/07/2019,297.43,3.00,3.00
SPY,01/08/2019,294.84,3.00,3.00
SPY,02/08/2019,292.62,2.00,3.00
SPY,05/08/2019,283.82,1.00,2.00
SPY,06/08/2019,287.80,1.00,2.00
SPY,07/08/2019,287.97,1.00,2.00
SPY,08/08/2019,293.62,1.00,2.00
SPY,09/08/2019,291.62,1.00,1.00
SPY,12/08/2019,288.07,1.00,1.00
SPY,13/08/2019,292.55,1.00,1.00
SPY,14/08/2019,283.90,1.00,1.00
SPY,15/08/2019,284.65,1.00,1.00
SPY,16/08/2019,288.85,1.00,1.00
SPY,19/08/2019,292.33,1.00,1.00
SPY,20/08/2019,290.09,1.00,1.00
SPY,21/08/2019,292.45,1.00,1.00
SPY,22/08/2019,292.36,1.00,1.00
SPY,23/08/2019,284.85,1.00,1.00
SPY,26/08/2019,288.00,1.00,1.00
SPY,27/08/2019,286.87,1.00,1.00
SPY,28/08/2019,288.89,1.00,1.00
SPY,29/08/2019,292.58,1.00,1.00
SPY,30/08/2019,292.45,1.00,1.00
SPY,03/09/2019,290.74,1.00,1.00
SPY,04/09/2019,294.04,2.00,1.00
SPY,05/09/2019,297.82,3.00,2.00
SPY,06/09/2019,298.05,3.00,2.00
SPY,09/09/2019,298.20,3.00,2.00
SPY,10/09/2019,298.13,3.00,2.00
SPY,11/09/2019,300.25,3.00,3.00
SPY,12/09/2019,301.29,3.00,3.00
SPY,13/09/2019,301.09,3.00,3.00
SPY,16/09/2019,300.16,3.00,3.00
SPY,17/09/2019,300.92,3.00,3.00
SPY,18/09/2019,301.10,3.00,3.00
SPY,19/09/2019,301.08,3.00,3.00
SPY,20/09/2019,298.28,3.00,3.00
SPY,23/09/2019,298.21,3.00,3.00
SPY,24/09/2019,295.87,3.00,3.00
SPY,25/09/2019,297.62,3.00,3.00
SPY,26/09/2019,297.00,3.00,3.00
SPY,27/09/2019,295.40,2.00,3.00
SPY,30/09/2019,296.77,2.00,3.00
SPY,01/10/2019,293.24,2.00,3.00
SPY,02/10/2019,288.06,1.00,2.00
SPY,03/10/2019,290.42,1.00,2.00
SPY,04/10/2019,294.35,1.00,2.00
SPY,07/10/2019,293.08,1.00,2.00
SPY,08/10/2019,288.53,1.00,1.00
SPY,09/10/2019,291.27,1.00,1.00
SPY,10/10/2019,293.24,1.00,1.00
SPY,11/10/2019,296.28,1.00,1.00
SPY,14/10/2019,295.95,1.00,1.00
SPY,15/10/2019,298.88,2.00,1.00
SPY,16/10/2019,298.40,3.00,2.00
SPY,17/10/2019,299.28,3.00,2.00
SPY,18/10/2019,297.97,3.00,2.00
SPY,21/10/2019,299.99,3.00,3.00
SPY,22/10/2019,299.01,3.00,3.00
SPY,23/10/2019,299.88,3.00,3.00
SPY,24/10/2019,300.37,3.00,3.00
SPY,25/10/2019,301.60,3.00,3.00
SPY,28/10/2019,303.30,3.00,3.00
SPY,29/10/2019,303.21,3.00,3.00
SPY,30/10/2019,304.14,3.00,3.00
SPY,31/10/2019,303.33,3.00,3.00
SPY,01/11/2019,306.14,3.00,3.00
SPY,04/11/2019,307.37,3.00,3.00
SPY,05/11/2019,307.03,3.00,3.00
SPY,06/11/2019,307.10,3.00,3.00
SPY,07/11/2019,308.18,3.00,3.00
SPY,08/11/2019,308.94,3.00,3.00
SPY,11/11/2019,308.35,3.00,3.00
SPY,12/11/2019,309.00,3.00,3.00
SPY,13/11/2019,309.10,3.00,3.00
SPY,14/11/2019,309.55,3.00,3.00
SPY,15/11/2019,311.79,3.00,3.00
SPY,18/11/2019,312.02,3.00,3.00
SPY,19/11/2019,311.93,3.00,3.00
SPY,20/11/2019,310.77,3.00,3.00
SPY,21/11/2019,310.27,3.00,3.00
SPY,22/11/2019,310.96,3.00,3.00
SPY,25/11/2019,313.37,3.00,3.00
SPY,26/11/2019,314.08,3.00,3.00
SPY,27/11/2019,315.48,3.00,3.00
SPY,29/11/2019,314.31,3.00,3.00
SPY,02/12/2019,311.64,3.00,3.00
SPY,03/12/2019,309.55,3.00,3.00
SPY,04/12/2019,311.46,3.00,3.00
SPY,05/12/2019,312.02,3.00,3.00
SPY,06/12/2019,314.87,3.00,3.00
SPY,09/12/2019,313.88,3.00,3.00
SPY,10/12/2019,313.53,3.00,3.00
SPY,11/12/2019,314.42,3.00,3.00
SPY,12/12/2019,317.13,3.00,3.00
SPY,13/12/2019,317.32,3.00,3.00
SPY,16/12/2019,319.50,3.00,3.00
SPY,17/12/2019,319.57,3.00,3.00
SPY,18/12/2019,319.59,3.00,3.00
SPY,19/12/2019,320.90,3.00,3.00
SPY,20/12/2019,320.73,3.00,3.00
SPY,23/12/2019,321.22,3.00,3.00
SPY,24/12/2019,321.23,3.00,3.00
SPY,26/12/2019,322.94,3.00,3.00
SPY,27/12/2019,322.86,3.00,3.00
SPY,30/12/2019,321.08,3.00,3.00
SPY,31/12/2019,321.86,3.00,3.00
SPY,02/01/2020,324.87,3.00,3.00
SPY,03/01/2020,322.41,3.00,3.00
SPY,06/01/2020,323.64,3.00,3.00
SPY,07/01/2020,322.73,3.00,3.00
SPY,08/01/2020,324.45,3.00,3.00
SPY,09/01/2020,326.65,3.00,3.00
SPY,10/01/2020,325.71,3.00,3.00
SPY,13/01/2020,327.95,3.00,3.00
SPY,14/01/2020,327.45,3.00,3.00
SPY,15/01/2020,328.19,3.00,3.00
SPY,16/01/2020,330.92,3.00,3.00
SPY,17/01/2020,331.95,3.00,3.00
SPY,21/01/2020,331.30,3.00,3.00
SPY,22/01/2020,331.34,3.00,3.00
SPY,23/01/2020,331.72,3.00,3.00
SPY,24/01/2020,328.77,3.00,3.00
SPY,27/01/2020,323.50,3.00,3.00
SPY,28/01/2020,326.89,3.00,3.00
SPY,29/01/2020,326.62,3.00,3.00
SPY,30/01/2020,327.68,3.00,3.00
SPY,31/01/2020,321.73,2.00,3.00
SPY,03/02/2020,324.12,2.00,3.00
SPY,04/02/2020,329.06,2.00,3.00
SPY,05/02/2020,332.86,3.00,3.00
SPY,06/02/2020,333.98,3.00,3.00
SPY,07/02/2020,332.20,3.00,3.00
SPY,10/02/2020,334.68,3.00,3.00
SPY,11/02/2020,335.26,3.00,3.00
SPY,12/02/2020,337.42,3.00,3.00
SPY,13/02/2020,337.06,3.00,3.00
SPY,14/02/2020,337.60,3.00,3.00
SPY,18/02/2020,336.73,3.00,3.00
SPY,19/02/2020,338.34,3.00,3.00
SPY,20/02/2020,336.95,3.00,3.00
SPY,21/02/2020,333.48,3.00,3.00
SPY,24/02/2020,322.42,3.00,3.00
SPY,25/02/2020,312.65,1.00,2.00
SPY,26/02/2020,311.50,1.00,2.00
SPY,27/02/2020,297.51,1.00,2.00
SPY,28/02/2020,296.26,1.00,1.00
SPY,02/03/2020,309.09,1.00,1.00
SPY,03/03/2020,300.24,1.00,1.00
SPY,04/03/2020,312.86,1.00,1.00
SPY,05/03/2020,302.46,1.00,1.00
SPY,06/03/2020,297.46,1.00,1.00
SPY,09/03/2020,274.23,1.00,1.00
SPY,10/03/2020,288.42,1.00,1.00
SPY,11/03/2020,274.36,1.00,1.00
SPY,12/03/2020,248.11,1.00,1.00
SPY,13/03/2020,269.32,1.00,1.00
SPY,16/03/2020,239.85,1.00,1.00
SPY,17/03/2020,252.80,1.00,1.00
SPY,18/03/2020,240.00,1.00,1.00
SPY,19/03/2020,240.51,1.00,1.00
SPY,20/03/2020,228.80,1.00,1.00
SPY,23/03/2020,222.95,1.00,1.00
SPY,24/03/2020,243.15,1.00,1.00
SPY,25/03/2020,246.79,1.00,1.00
SPY,26/03/2020,261.20,1.00,1.00
SPY,27/03/2020,253.42,1.00,1.00
SPY,30/03/2020,261.65,1.00,1.00
SPY,31/03/2020,257.75,1.00,1.00
SPY,01/04/2020,246.15,1.00,1.00
SPY,02/04/2020,251.83,1.00,1.00
SPY,03/04/2020,248.19,1.00,1.00
SPY,06/04/2020,264.86,1.00,1.00
SPY,07/04/2020,265.13,1.00,1.00
SPY,08/04/2020,274.03,2.00,1.00
SPY,09/04/2020,278.20,2.00,1.00
SPY,13/04/2020,275.66,3.00,2.00
SPY,14/04/2020,283.79,3.00,2.00
SPY,15/04/2020,277.76,3.00,2.00
SPY,16/04/2020,279.10,3.00,2.00
SPY,17/04/2020,286.64,3.00,2.00
SPY,20/04/2020,281.59,3.00,2.00
SPY,21/04/2020,273.04,3.00,2.00
SPY,22/04/2020,279.10,3.00,2.00
SPY,23/04/2020,279.08,3.00,2.00
SPY,24/04/2020,282.97,3.00,3.00
SPY,27/04/2020,287.05,3.00,3.00
SPY,28/04/2020,285.73,3.00,3.00
SPY,29/04/2020,293.21,3.00,3.00
SPY,30/04/2020,290.48,3.00,3.00
SPY,01/05/2020,282.79,3.00,3.00
SPY,04/05/2020,283.57,3.00,3.00
SPY,05/05/2020,286.19,3.00,3.00
SPY,06/05/2020,284.25,3.00,3.00
SPY,07/05/2020,287.68,3.00,3.00
SPY,08/05/2020,292.44,3.00,3.00
SPY,11/05/2020,292.50,3.00,3.00
SPY,12/05/2020,286.67,3.00,3.00
SPY,13/05/2020,281.60,3.00,3.00
SPY,14/05/2020,284.97,3.00,3.00
SPY,15/05/2020,286.28,3.00,3.00
SPY,18/05/2020,295.00,3.00,3.00
SPY,19/05/2020,291.97,3.00,3.00
SPY,20/05/2020,296.93,3.00,3.00
SPY,21/05/2020,294.88,3.00,3.00
SPY,22/05/2020,295.44,3.00,3.00
SPY,26/05/2020,299.08,3.00,3.00
SPY,27/05/2020,303.53,3.00,3.00
SPY,28/05/2020,302.97,3.00,3.00
SPY,29/05/2020,304.32,3.00,3.00
SPY,01/06/2020,305.55,3.00,3.00
SPY,02/06/2020,308.08,3.00,3.00
SPY,03/06/2020,312.18,3.00,3.00
SPY,04/06/2020,311.36,3.00,3.00
SPY,05/06/2020,319.34,3.00,3.00
SPY,08/06/2020,323.20,3.00,3.00
SPY,09/06/2020,320.79,3.00,3.00
SPY,10/06/2020,319.00,3.00,3.00
SPY,11/06/2020,300.61,3.00,3.00
SPY,12/06/2020,304.21,3.00,3.00
SPY,15/06/2020,307.05,3.00,3.00
SPY,16/06/2020,312.96,3.00,3.00
SPY,17/06/2020,311.66,3.00,3.00
SPY,18/06/2020,311.78,3.00,3.00
SPY,19/06/2020,308.64,3.00,3.00
SPY,22/06/2020,310.62,3.00,3.00
SPY,23/06/2020,312.05,3.00,3.00
SPY,24/06/2020,304.09,3.00,3.00
SPY,25/06/2020,307.35,3.00,3.00
SPY,26/06/2020,300.05,2.00,3.00
SPY,29/06/2020,304.46,2.00,3.00
SPY,30/06/2020,308.36,2.00,3.00
SPY,01/07/2020,310.52,2.00,3.00
SPY,02/07/2020,312.23,3.00,3.00
SPY,06/07/2020,317.05,3.00,3.00
SPY,07/07/2020,313.78,3.00,3.00
SPY,08/07/2020,316.18,3.00,3.00
SPY,09/07/2020,314.38,3.00,3.00
SPY,10/07/2020,317.59,3.00,3.00
SPY,13/07/2020,314.84,3.00,3.00
SPY,14/07/2020,318.92,3.00,3.00
SPY,15/07/2020,321.85,3.00,3.00
SPY,16/07/2020,320.79,3.00,3.00
SPY,17/07/2020,321.72,3.00,3.00
SPY,20/07/2020,324.32,3.00,3.00
SPY,21/07/2020,325.01,3.00,3.00
SPY,22/07/2020,326.86,3.00,3.00
SPY,23/07/2020,322.96,3.00,3.00
SPY,24/07/2020,320.88,3.00,3.00
SPY,27/07/2020,323.22,3.00,3.00
SPY,28/07/2020,321.17,3.00,3.00
SPY,29/07/2020,325.12,3.00,3.00
SPY,30/07/2020,323.96,3.00,3.00
SPY,31/07/2020,326.52,3.00,3.00
SPY,03/08/2020,328.79,3.00,3.00
SPY,04/08/2020,330.06,3.00,3.00
SPY,05/08/2020,332.11,3.00,3.00
SPY,06/08/2020,334.33,3.00,3.00
SPY,07/08/2020,334.57,3.00,3.00
SPY,10/08/2020,335.57,3.00,3.00
SPY,11/08/2020,332.80,3.00,3.00
SPY,12/08/2020,337.44,3.00,3.00
SPY,13/08/2020,336.83,3.00,3.00
SPY,14/08/2020,336.84,3.00,3.00
SPY,17/08/2020,337.91,3.00,3.00
SPY,18/08/2020,338.64,3.00,3.00
SPY,19/08/2020,337.23,3.00,3.00
SPY,20/08/2020,338.28,3.00,3.00
SPY,21/08/2020,339.48,3.00,3.00
SPY,24/08/2020,342.92,3.00,3.00
SPY,25/08/2020,344.12,3.00,3.00
SPY,26/08/2020,347.57,3.00,3.00
SPY,27/08/2020,348.33,3.00,3.00
SPY,28/08/2020,350.58,3.00,3.00
SPY,31/08/2020,349.31,3.00,3.00
SPY,01/09/2020,352.60,3.00,3.00
SPY,02/09/2020,357.70,3.00,3.00
SPY,03/09/2020,345.39,3.00,3.00
SPY,04/09/2020,342.57,3.00,3.00
SPY,08/09/2020,333.21,3.00,3.00
SPY,09/09/2020,339.79,3.00,3.00
SPY,10/09/2020,333.89,2.00,3.00
SPY,11/09/2020,334.06,2.00,3.00
SPY,14/09/2020,338.46,1.00,2.00
SPY,15/09/2020,340.17,1.00,2.00
SPY,16/09/2020,338.82,1.00,2.00
SPY,17/09/2020,335.84,1.00,2.00
SPY,18/09/2020,330.65,1.00,2.00
SPY,21/09/2020,326.97,1.00,2.00
SPY,22/09/2020,330.30,1.00,2.00
SPY,23/09/2020,322.64,1.00,2.00
SPY,24/09/2020,323.50,1.00,1.00
SPY,25/09/2020,328.73,1.00,1.00
SPY,28/09/2020,334.19,1.00,1.00
SPY,29/09/2020,332.37,1.00,1.00
SPY,30/09/2020,334.89,1.00,1.00
SPY,01/10/2020,337.04,1.00,1.00
SPY,02/10/2020,333.84,2.00,1.00
SPY,05/10/2020,339.76,2.00,1.00
SPY,06/10/2020,334.93,2.00,1.00
SPY,07/10/2020,340.76,3.00,2.00
SPY,08/10/2020,343.78,3.00,2.00
SPY,09/10/2020,346.85,3.00,2.00
SPY,12/10/2020,352.43,3.00,3.00
SPY,13/10/2020,350.13,3.00,3.00
SPY,14/10/2020,347.93,3.00,3.00
SPY,15/10/2020,347.50,3.00,3.00
SPY,16/10/2020,347.29,3.00,3.00
SPY,19/10/2020,342.01,3.00,3.00
SPY,20/10/2020,343.38,3.00,3.00
SPY,21/10/2020,342.73,3.00,3.00
SPY,22/10/2020,344.61,3.00,3.00
SPY,23/10/2020,345.78,3.00,3.00
SPY,26/10/2020,339.39,3.00,3.00
SPY,27/10/2020,338.22,2.00,3.00
SPY,28/10/2020,326.66,1.00,2.00
SPY,29/10/2020,329.98,1.00,2.00
SPY,30/10/2020,326.54,1.00,2.00
SPY,02/11/2020,330.20,1.00,2.00
SPY,03/11/2020,336.03,1.00,1.00
SPY,04/11/2020,343.54,1.00,1.00
SPY,05/11/2020,350.24,1.00,1.00
SPY,06/11/2020,350.16,3.00,2.00
SPY,09/11/2020,354.56,3.00,3.00
SPY,10/11/2020,354.04,3.00,3.00
SPY,11/11/2020,356.67,3.00,3.00
SPY,12/11/2020,353.21,3.00,3.00
SPY,13/11/2020,358.10,3.00,3.00
SPY,16/11/2020,362.57,3.00,3.00
SPY,17/11/2020,360.62,3.00,3.00
SPY,18/11/2020,356.28,3.00,3.00
SPY,19/11/2020,357.78,3.00,3.00
SPY,20/11/2020,355.33,3.00,3.00
SPY,23/11/2020,357.46,3.00,3.00
SPY,24/11/2020,363.22,3.00,3.00
SPY,25/11/2020,362.66,3.00,3.00
SPY,27/11/2020,363.67,3.00,3.00
SPY,30/11/2020,362.06,3.00,3.00
SPY,01/12/2020,366.02,3.00,3.00
SPY,02/12/2020,366.79,3.00,3.00
SPY,03/12/2020,366.69,3.00,3.00
SPY,04/12/2020,369.85,3.00,3.00
SPY,07/12/2020,369.09,3.00,3.00
SPY,08/12/2020,370.17,3.00,3.00
SPY,09/12/2020,366.85,3.00,3.00
SPY,10/12/2020,366.73,3.00,3.00
SPY,11/12/2020,366.30,3.00,3.00
SPY,14/12/2020,364.66,3.00,3.00
SPY,15/12/2020,369.59,3.00,3.00
SPY,16/12/2020,370.17,3.00,3.00
SPY,17/12/2020,372.24,3.00,3.00
SPY,18/12/2020,369.18,3.00,3.00
SPY,21/12/2020,367.86,3.00,3.00
SPY,22/12/2020,367.24,3.00,3.00
SPY,23/12/2020,367.57,3.00,3.00
SPY,24/12/2020,369.00,3.00,3.00
SPY,28/12/2020,372.17,3.00,3.00
SPY,29/12/2020,371.46,3.00,3.00
SPY,30/12/2020,371.99,3.00,3.00
SPY,31/12/2020,373.88,3.00,3.00
SPY,04/01/2021,368.79,3.00,3.00
SPY,05/01/2021,371.33,3.00,3.00
SPY,06/01/2021,373.55,3.00,3.00
SPY,07/01/2021,379.10,3.00,3.00
SPY,08/01/2021,381.26,3.00,3.00
SPY,11/01/2021,378.69,3.00,3.00
SPY,12/01/2021,378.77,3.00,3.00
SPY,13/01/2021,379.79,3.00,3.00
SPY,14/01/2021,378.46,3.00,3.00
SPY,15/01/2021,375.70,3.00,3.00
SPY,19/01/2021,378.65,3.00,3.00
SPY,20/01/2021,383.89,3.00,3.00
SPY,21/01/2021,384.24,3.00,3.00
SPY,22/01/2021,382.88,3.00,3.00
SPY,25/01/2021,384.39,3.00,3.00
SPY,26/01/2021,383.79,3.00,3.00
SPY,27/01/2021,374.41,3.00,3.00
SPY,28/01/2021,377.63,3.00,3.00
SPY,29/01/2021,370.07,3.00,3.00
SPY,01/02/2021,376.23,2.00,3.00
SPY,02/02/2021,381.55,2.00,3.00
SPY,03/02/2021,381.85,2.00,3.00
SPY,04/02/2021,386.19,3.00,3.00
SPY,05/02/2021,387.71,3.00,3.00
SPY,08/02/2021,390.51,3.00,3.00
SPY,09/02/2021,390.25,3.00,3.00
SPY,10/02/2021,390.08,3.00,3.00
SPY,11/02/2021,390.71,3.00,3.00
SPY,12/02/2021,392.64,3.00,3.00
SPY,16/02/2021,392.30,3.00,3.00
SPY,17/02/2021,392.39,3.00,3.00
SPY,18/02/2021,390.72,3.00,3.00
SPY,19/02/2021,390.03,3.00,3.00
SPY,22/02/2021,387.03,3.00,3.00
SPY,23/02/2021,387.50,3.00,3.00
SPY,24/02/2021,391.77,3.00,3.00
SPY,25/02/2021,382.33,3.00,3.00
SPY,26/02/2021,380.36,2.00,3.00
SPY,01/03/2021,389.58,2.00,3.00
SPY,02/03/2021,386.54,2.00,3.00
SPY,03/03/2021,381.42,2.00,3.00
SPY,04/03/2021,376.70,1.00,2.00
SPY,05/03/2021,383.63,1.00,2.00
SPY,08/03/2021,381.72,1.00,2.00
SPY,09/03/2021,387.17,1.00,2.00
SPY,10/03/2021,389.58,2.00,3.00
SPY,11/03/2021,393.53,3.00,3.00
SPY,12/03/2021,394.06,3.00,3.00
SPY,15/03/2021,396.41,3.00,3.00
SPY,16/03/2021,395.91,3.00,3.00
SPY,17/03/2021,397.26,3.00,3.00
SPY,18/03/2021,391.48,3.00,3.00
SPY,19/03/2021,389.48,3.00,3.00
SPY,22/03/2021,392.59,3.00,3.00
SPY,23/03/2021,389.50,3.00,3.00
SPY,24/03/2021,387.52,3.00,3.00
SPY,25/03/2021,389.70,2.00,3.00
SPY,26/03/2021,395.98,3.00,3.00
SPY,29/03/2021,395.78,3.00,3.00
SPY,30/03/2021,394.73,3.00,3.00
SPY,31/03/2021,396.33,3.00,3.00
SPY,01/04/2021,400.61,3.00,3.00
SPY,05/04/2021,406.36,3.00,3.00
SPY,06/04/2021,406.12,3.00,3.00
SPY,07/04/2021,406.59,3.00,3.00
SPY,08/04/2021,408.52,3.00,3.00
SPY,09/04/2021,411.49,3.00,3.00
SPY,12/04/2021,411.64,3.00,3.00
SPY,13/04/2021,412.86,3.00,3.00
SPY,14/04/2021,411.45,3.00,3.00
SPY,15/04/2021,415.87,3.00,3.00
SPY,16/04/2021,417.26,3.00,3.00
SPY,19/04/2021,415.21,3.00,3.00
SPY,20/04/2021,412.17,3.00,3.00
SPY,21/04/2021,416.07,3.00,3.00
SPY,22/04/2021,412.27,3.00,3.00
SPY,23/04/2021,416.74,3.00,3.00
SPY,26/04/2021,417.61,3.00,3.00
SPY,27/04/2021,417.52,3.00,3.00
SPY,28/04/2021,417.40,3.00,3.00
SPY,29/04/2021,420.06,3.00,3.00
SPY,30/04/2021,417.30,3.00,3.00
SPY,03/05/2021,418.20,3.00,3.00
SPY,04/05/2021,415.62,3.00,3.00
SPY,05/05/2021,415.75,3.00,3.00
SPY,06/05/2021,419.07,3.00,3.00
SPY,07/05/2021,422.12,3.00,3.00
SPY,10/05/2021,417.94,3.00,3.00
SPY,11/05/2021,414.21,3.00,3.00
SPY,12/05/2021,405.41,3.00,3.00
SPY,13/05/2021,410.28,3.00,3.00
SPY,14/05/2021,416.58,2.00,3.00
SPY,17/05/2021,415.52,2.00,3.00
SPY,18/05/2021,411.94,2.00,3.00
SPY,19/05/2021,410.86,2.00,3.00
SPY,20/05/2021,415.28,2.00,3.00
SPY,21/05/2021,414.94,2.00,3.00
SPY,24/05/2021,419.17,3.00,3.00
SPY,25/05/2021,418.24,3.00,3.00
SPY,26/05/2021,419.07,3.00,3.00
SPY,27/05/2021,419.29,3.00,3.00
SPY,28/05/2021,420.04,3.00,3.00
SPY,01/06/2021,419.67,3.00,3.00
SPY,02/06/2021,420.33,3.00,3.00
SPY,03/06/2021,418.77,3.00,3.00
SPY,04/06/2021,422.60,3.00,3.00
SPY,07/06/2021,422.19,3.00,3.00
SPY,08/06/2021,422.28,3.00,3.00
SPY,09/06/2021,421.65,3.00,3.00
SPY,10/06/2021,423.61,3.00,3.00
SPY,11/06/2021,424.31,3.00,3.00
SPY,14/06/2021,425.26,3.00,3.00
SPY,15/06/2021,424.48,3.00,3.00
SPY,16/06/2021,422.11,3.00,3.00
SPY,17/06/2021,421.97,3.00,3.00
SPY,18/06/2021,414.92,3.00,3.00
SPY,21/06/2021,420.86,3.00,3.00
SPY,22/06/2021,423.11,2.00,3.00
SPY,23/06/2021,422.60,2.00,3.00
SPY,24/06/2021,425.10,3.00,3.00
SPY,25/06/2021,426.61,3.00,3.00
SPY,28/06/2021,427.47,3.00,3.00
SPY,29/06/2021,427.70,3.00,3.00
SPY,30/06/2021,428.06,3.00,3.00
SPY,01/07/2021,430.43,3.00,3.00
SPY,02/07/2021,433.72,3.00,3.00
SPY,06/07/2021,432.93,3.00,3.00
SPY,07/07/2021,434.46,3.00,3.00
SPY,08/07/2021,430.92,3.00,3.00
SPY,09/07/2021,435.52,3.00,3.00
SPY,12/07/2021,437.08,3.00,3.00
SPY,13/07/2021,435.59,3.00,3.00
SPY,14/07/2021,436.24,3.00,3.00
SPY,15/07/2021,434.75,3.00,3.00
SPY,16/07/2021,431.34,3.00,3.00
SPY,19/07/2021,424.97,3.00,3.00
SPY,20/07/2021,431.06,3.00,3.00
SPY,21/07/2021,434.55,3.00,3.00
SPY,22/07/2021,435.46,3.00,3.00
SPY,23/07/2021,439.94,3.00,3.00
SPY,26/07/2021,441.02,3.00,3.00
SPY,27/07/2021,439.01,3.00,3.00
SPY,28/07/2021,438.83,3.00,3.00
SPY,29/07/2021,440.65,3.00,3.00
SPY,30/07/2021,438.51,3.00,3.00
SPY,02/08/2021,437.59,3.00,3.00
SPY,03/08/2021,441.15,3.00,3.00
SPY,04/08/2021,438.98,3.00,3.00
SPY,05/08/2021,441.76,3.00,3.00
SPY,06/08/2021,442.49,3.00,3.00
SPY,09/08/2021,442.13,3.00,3.00
SPY,10/08/2021,442.68,3.00,3.00
SPY,11/08/2021,443.78,3.00,3.00
SPY,12/08/2021,445.11,3.00,3.00
SPY,13/08/2021,445.92,3.00,3.00
SPY,16/08/2021,446.97,3.00,3.00
SPY,17/08/2021,444.04,3.00,3.00
SPY,18/08/2021,439.18,3.00,3.00
SPY,19/08/2021,439.86,3.00,3.00
SPY,20/08/2021,443.36,3.00,3.00
SPY,23/08/2021,447.26,3.00,3.00
SPY,24/08/2021,447.97,3.00,3.00
SPY,25/08/2021,448.91,3.00,3.00
SPY,26/08/2021,446.26,3.00,3.00
SPY,27/08/2021,450.25,3.00,3.00
SPY,30/08/2021,452.23,3.00,3.00
SPY,31/08/2021,451.56,3.00,3.00
SPY,01/09/2021,451.80,3.00,3.00
SPY,02/09/2021,453.19,3.00,3.00
SPY,03/09/2021,453.08,3.00,3.00
SPY,07/09/2021,451.46,3.00,3.00
SPY,08/09/2021,450.91,3.00,3.00
SPY,09/09/2021,448.98,3.00,3.00
SPY,10/09/2021,445.44,3.00,3.00
SPY,13/09/2021,446.58,3.00,3.00
SPY,14/09/2021,444.17,2.00,3.00
SPY,15/09/2021,447.88,2.00,3.00
SPY,16/09/2021,447.17,2.00,3.00
SPY,17/09/2021,441.40,1.00,2.00
SPY,20/09/2021,434.04,1.00,2.00
SPY,21/09/2021,433.63,1.00,2.00
SPY,22/09/2021,437.86,1.00,2.00
SPY,23/09/2021,443.18,1.00,2.00
SPY,24/09/2021,443.91,1.00,1.00
SPY,27/09/2021,442.64,1.00,1.00
SPY,28/09/2021,433.72,1.00,1.00
SPY,29/09/2021,434.45,1.00,1.00
SPY,30/09/2021,429.14,1.00,1.00
SPY,01/10/2021,434.24,1.00,1.00
SPY,04/10/2021,428.64,1.00,1.00
SPY,05/10/2021,433.10,1.00,1.00
SPY,06/10/2021,434.90,1.00,1.00
SPY,07/10/2021,438.66,1.00,1.00
SPY,08/10/2021,437.86,1.00,1.00
SPY,11/10/2021,434.69,1.00,1.00
SPY,12/10/2021,433.62,1.00,1.00
SPY,13/10/2021,435.18,1.00,1.00
SPY,14/10/2021,442.50,1.00,1.00
SPY,15/10/2021,445.87,2.00,1.00
SPY,18/10/2021,447.19,3.00,2.00
SPY,19/10/2021,450.64,3.00,2.00
SPY,20/10/2021,452.41,3.00,2.00
SPY,21/10/2021,453.59,3.00,2.00
SPY,22/10/2021,453.12,3.00,3.00
SPY,25/10/2021,455.55,3.00,3.00
SPY,26/10/2021,455.96,3.00,3.00
SPY,27/10/2021,453.94,3.00,3.00
SPY,28/10/2021,458.32,3.00,3.00
SPY,29/10/2021,459.25,3.00,3.00
SPY,01/11/2021,460.04,3.00,3.00
SPY,02/11/2021,461.90,3.00,3.00
SPY,03/11/2021,464.72,3.00,3.00
SPY,04/11/2021,466.91,3.00,3.00
SPY,05/11/2021,468.53,3.00,3.00
SPY,08/11/2021,468.93,3.00,3.00
SPY,09/11/2021,467.38,3.00,3.00
SPY,10/11/2021,463.62,3.00,3.00
SPY,11/11/2021,463.77,3.00,3.00
SPY,12/11/2021,467.27,3.00,3.00
SPY,15/11/2021,467.43,3.00,3.00
SPY,16/11/2021,469.28,3.00,3.00
SPY,17/11/2021,468.14,3.00,3.00
SPY,18/11/2021,469.73,3.00,3.00
SPY,19/11/2021,468.89,3.00,3.00
SPY,22/11/2021,467.57,3.00,3.00
SPY,23/11/2021,468.19,3.00,3.00
SPY,24/11/2021,469.44,3.00,3.00
SPY,26/11/2021,458.97,3.00,3.00
SPY,29/11/2021,464.60,3.00,3.00
SPY,30/11/2021,455.56,3.00,3.00
SPY,01/12/2021,450.50,1.00,2.00
SPY,02/12/2021,457.40,1.00,2.00
SPY,03/12/2021,453.42,1.00,2.00
SPY,06/12/2021,458.79,1.00,2.00
SPY,07/12/2021,468.28,1.00,2.00
SPY,08/12/2021,469.52,2.00,3.00
SPY,09/12/2021,466.35,3.00,3.00
SPY,10/12/2021,470.74,3.00,3.00
SPY,13/12/2021,466.57,3.00,3.00
SPY,14/12/2021,463.36,3.00,3.00
SPY,15/12/2021,470.60,3.00,3.00
SPY,16/12/2021,466.45,3.00,3.00
SPY,17/12/2021,459.87,3.00,3.00
SPY,20/12/2021,454.98,1.00,2.00
SPY,21/12/2021,463.06,1.00,2.00
SPY,22/12/2021,467.69,2.00,3.00
SPY,23/12/2021,470.60,2.00,3.00
SPY,27/12/2021,477.26,3.00,3.00
SPY,28/12/2021,476.87,3.00,3.00
SPY,29/12/2021,477.48,3.00,3.00
SPY,30/12/2021,476.16,3.00,3.00
SPY,31/12/2021,474.96,3.00,3.00
SPY,03/01/2022,477.71,3.00,3.00
SPY,04/01/2022,477.55,3.00,3.00
SPY,05/01/2022,468.38,3.00,3.00
SPY,06/01/2022,467.94,3.00,3.00
SPY,07/01/2022,466.09,3.00,3.00
SPY,10/01/2022,465.51,2.00,3.00
SPY,11/01/2022,469.75,2.00,3.00
SPY,12/01/2022,471.02,2.00,3.00
SPY,13/01/2022,464.53,2.00,3.00
SPY,14/01/2022,464.72,1.00,2.00
SPY,18/01/2022,456.49,1.00,2.00
SPY,19/01/2022,451.75,1.00,2.00
SPY,20/01/2022,446.75,1.00,1.00
SPY,21/01/2022,437.98,1.00,1.00
SPY,24/01/2022,439.84,1.00,1.00
SPY,25/01/2022,434.47,1.00,1.00
SPY,26/01/2022,433.38,1.00,1.00
SPY,27/01/2022,431.24,1.00,1.00
SPY,28/01/2022,441.95,1.00,1.00
SPY,31/01/2022,449.91,1.00,1.00
SPY,01/02/2022,452.95,1.00,1.00
SPY,02/02/2022,457.35,1.00,1.00
SPY,03/02/2022,446.60,1.00,1.00
SPY,04/02/2022,448.70,2.00,1.00
SPY,07/02/2022,447.26,1.00,1.00
SPY,08/02/2022,450.94,1.00,1.00
SPY,09/02/2022,457.54,1.00,1.00
SPY,10/02/2022,449.32,1.00,1.00
SPY,11/02/2022,440.46,1.00,1.00
SPY,14/02/2022,439.02,1.00,1.00
SPY,15/02/2022,446.10,1.00,1.00
SPY,16/02/2022,446.60,1.00,1.00
SPY,17/02/2022,437.06,1.00,1.00
SPY,18/02/2022,434.23,1.00,1.00
SPY,22/02/2022,429.57,1.00,1.00
SPY,23/02/2022,421.95,1.00,1.00
SPY,24/02/2022,428.30,1.00,1.00
SPY,25/02/2022,437.75,1.00,1.00
SPY,28/02/2022,436.63,1.00,1.00
SPY,01/03/2022,429.98,1.00,1.00
SPY,02/03/2022,437.89,1.00,1.00
SPY,03/03/2022,435.71,1.00,1.00
SPY,04/03/2022,432.17,1.00,1.00
SPY,07/03/2022,419.43,1.00,1.00
SPY,08/03/2022,416.25,1.00,1.00
SPY,09/03/2022,427.41,1.00,1.00
SPY,10/03/2022,425.48,1.00,1.00
SPY,11/03/2022,420.07,1.00,1.00
SPY,14/03/2022,417.00,1.00,1.00
SPY,15/03/2022,426.17,1.00,1.00
SPY,16/03/2022,435.62,1.00,1.00
SPY,17/03/2022,441.07,1.00,1.00
SPY,18/03/2022,444.52,2.00,1.00
SPY,21/03/2022,444.39,3.00,2.00
SPY,22/03/2022,449.59,3.00,2.00
SPY,23/03/2022,443.80,3.00,2.00
SPY,24/03/2022,450.49,3.00,2.00
SPY,25/03/2022,452.69,3.00,2.00
SPY,28/03/2022,455.91,3.00,3.00
SPY,29/03/2022,461.55,3.00,3.00
SPY,30/03/2022,458.70,3.00,3.00
SPY,31/03/2022,451.64,3.00,3.00
SPY,01/04/2022,452.92,3.00,3.00
SPY,04/04/2022,456.80,3.00,3.00
SPY,05/04/2022,451.03,3.00,3.00
SPY,06/04/2022,446.52,3.00,3.00
SPY,07/04/2022,448.77,3.00,3.00
SPY,08/04/2022,447.57,3.00,3.00
SPY,11/04/2022,439.92,2.00,3.00
SPY,12/04/2022,438.29,2.00,3.00
SPY,13/04/2022,443.31,2.00,3.00
SPY,14/04/2022,437.79,1.00,2.00
SPY,18/04/2022,437.97,1.00,2.00
SPY,19/04/2022,445.04,1.00,2.00
SPY,20/04/2022,444.71,1.00,2.00
SPY,21/04/2022,438.06,1.00,2.00
SPY,22/04/2022,426.04,1.00,2.00
SPY,25/04/2022,428.51,1.00,1.00
SPY,26/04/2022,416.10,1.00,1.00
SPY,27/04/2022,417.27,1.00,1.00
SPY,28/04/2022,427.81,1.00,1.00
SPY,29/04/2022,412.00,1.00,1.00
SPY,02/05/2022,414.48,1.00,1.00
SPY,03/05/2022,416.38,1.00,1.00
SPY,04/05/2022,429.06,1.00,1.00
SPY,05/05/2022,413.81,1.00,1.00
SPY,06/05/2022,411.34,1.00,1.00
SPY,09/05/2022,398.17,1.00,1.00
SPY,10/05/2022,399.09,1.00,1.00
SPY,11/05/2022,392.75,1.00,1.00
SPY,12/05/2022,392.34,1.00,1.00
SPY,13/05/2022,401.72,1.00,1.00
SPY,16/05/2022,400.09,1.00,1.00
SPY,17/05/2022,408.32,1.00,1.00
SPY,18/05/2022,391.86,1.00,1.00
SPY,19/05/2022,389.46,1.00,1.00
SPY,20/05/2022,389.63,1.00,1.00
SPY,23/05/2022,396.92,1.00,1.00
SPY,24/05/2022,393.89,1.00,1.00
SPY,25/05/2022,397.37,1.00,1.00
SPY,26/05/2022,405.31,1.00,1.00
SPY,27/05/2022,415.26,1.00,1.00
SPY,31/05/2022,412.93,2.00,1.00
SPY,01/06/2022,409.59,2.00,1.00
SPY,02/06/2022,417.39,2.00,1.00
SPY,03/06/2022,410.54,2.00,1.00
SPY,06/06/2022,411.79,3.00,2.00
SPY,07/06/2022,415.74,3.00,2.00
SPY,08/06/2022,411.22,3.00,2.00
SPY,09/06/2022,401.44,3.00,2.00
SPY,10/06/2022,389.80,1.00,1.00
SPY,13/06/2022,375.00,1.00,1.00
SPY,14/06/2022,373.87,1.00,1.00
SPY,15/06/2022,379.20,1.00,1.00
SPY,16/06/2022,366.65,1.00,1.00
SPY,17/06/2022,365.86,1.00,1.00
SPY,21/06/2022,375.07,1.00,1.00
SPY,22/06/2022,374.39,1.00,1.00
SPY,23/06/2022,378.06,1.00,1.00
SPY,24/06/2022,390.08,1.00,1.00
SPY,27/06/2022,388.59,1.00,1.00
SPY,28/06/2022,380.65,1.00,1.00
SPY,29/06/2022,380.34,1.00,1.00
SPY,30/06/2022,377.25,1.00,1.00
SPY,01/07/2022,381.24,1.00,1.00
SPY,05/07/2022,381.96,1.00,1.00
SPY,06/07/2022,383.25,1.00,1.00
SPY,07/07/2022,388.99,1.00,1.00
SPY,08/07/2022,388.67,1.00,1.00
SPY,11/07/2022,384.23,2.00,1.00
SPY,12/07/2022,380.83,1.00,1.00
SPY,13/07/2022,378.83,1.00,1.00
SPY,14/07/2022,377.91,1.00,1.00
SPY,15/07/2022,385.13,1.00,1.00
SPY,18/07/2022,381.95,1.00,1.00
SPY,19/07/2022,392.27,1.00,1.00
SPY,20/07/2022,394.77,3.00,2.00
SPY,21/07/2022,398.79,3.00,2.00
SPY,22/07/2022,395.09,3.00,2.00
SPY,25/07/2022,395.57,3.00,2.00
SPY,26/07/2022,390.89,3.00,2.00
SPY,27/07/2022,401.04,3.00,2.00
SPY,28/07/2022,406.07,3.00,3.00
SPY,29/07/2022,411.99,3.00,3.00
SPY,01/08/2022,410.77,3.00,3.00
SPY,02/08/2022,408.06,3.00,3.00
SPY,03/08/2022,414.45,3.00,3.00
SPY,04/08/2022,414.17,3.00,3.00
SPY,05/08/2022,413.47,3.00,3.00
SPY,08/08/2022,412.99,3.00,3.00
SPY,09/08/2022,411.35,3.00,3.00
SPY,10/08/2022,419.99,3.00,3.00
SPY,11/08/2022,419.99,3.00,3.00
SPY,12/08/2022,427.10,3.00,3.00
SPY,15/08/2022,428.86,3.00,3.00
SPY,16/08/2022,429.70,3.00,3.00
SPY,17/08/2022,426.65,3.00,3.00
SPY,18/08/2022,427.89,3.00,3.00
SPY,19/08/2022,422.14,3.00,3.00
SPY,22/08/2022,413.35,3.00,3.00
SPY,23/08/2022,412.35,3.00,3.00
SPY,24/08/2022,413.67,3.00,3.00
SPY,25/08/2022,419.51,3.00,3.00
SPY,26/08/2022,405.31,2.00,3.00
SPY,29/08/2022,402.63,2.00,3.00
SPY,30/08/2022,398.21,1.00,2.00
SPY,31/08/2022,395.18,1.00,2.00
SPY,01/09/2022,396.42,1.00,2.00
SPY,02/09/2022,392.24,1.00,2.00
SPY,06/09/2022,390.76,1.00,2.00
SPY,07/09/2022,397.78,1.00,2.00
SPY,08/09/2022,400.38,1.00,1.00
SPY,09/09/2022,406.60,1.00,1.00
SPY,12/09/2022,410.97,1.00,1.00
SPY,13/09/2022,393.10,1.00,1.00
SPY,14/09/2022,394.60,1.00,1.00
SPY,15/09/2022,390.12,1.00,1.00
SPY,16/09/2022,385.56,1.00,1.00
SPY,19/09/2022,388.55,1.00,1.00
SPY,20/09/2022,384.09,1.00,1.00
SPY,21/09/2022,377.39,1.00,1.00
SPY,22/09/2022,374.22,1.00,1.00
SPY,23/09/2022,367.95,1.00,1.00
SPY,26/09/2022,364.31,1.00,1.00
SPY,27/09/2022,363.38,1.00,1.00
SPY,28/09/2022,370.53,1.00,1.00
SPY,29/09/2022,362.79,1.00,1.00
SPY,30/09/2022,357.18,1.00,1.00
SPY,03/10/2022,366.61,1.00,1.00
SPY,04/10/2022,377.97,1.00,1.00
SPY,05/10/2022,377.09,1.00,1.00
SPY,06/10/2022,373.20,1.00,1.00
SPY,07/10/2022,362.79,1.00,1.00
SPY,10/10/2022,360.02,1.00,1.00
SPY,11/10/2022,357.74,1.00,1.00
SPY,12/10/2022,356.56,1.00,1.00
SPY,13/10/2022,365.97,1.00,1.00
SPY,14/10/2022,357.63,1.00,1.00
SPY,17/10/2022,366.82,1.00,1.00
SPY,18/10/2022,371.13,1.00,1.00
SPY,19/10/2022,368.50,1.00,1.00
SPY,20/10/2022,365.41,1.00,1.00
SPY,21/10/2022,374.29,1.00,1.00
SPY,24/10/2022,378.87,2.00,1.00
SPY,25/10/2022,384.92,3.00,2.00
SPY,26/10/2022,382.02,3.00,2.00
SPY,27/10/2022,379.98,3.00,2.00
SPY,28/10/2022,389.02,3.00,2.00
SPY,31/10/2022,386.21,3.00,2.00
SPY,01/11/2022,384.52,3.00,2.00
SPY,02/11/2022,374.87,3.00,2.00
SPY,03/11/2022,371.01,3.00,2.00
SPY,04/11/2022,376.35,3.00,2.00
SPY,07/11/2022,379.95,3.00,3.00
SPY,08/11/2022,382.00,3.00,3.00
SPY,09/11/2022,374.13,3.00,3.00
SPY,10/11/2022,394.69,3.00,3.00
SPY,11/11/2022,398.51,3.00,3.00
SPY,14/11/2022,395.12,3.00,3.00
SPY,15/11/2022,398.49,3.00,3.00
SPY,16/11/2022,395.45,3.00,3.00
SPY,17/11/2022,394.24,3.00,3.00
SPY,18/11/2022,396.03,3.00,3.00
SPY,21/11/2022,394.59,3.00,3.00
SPY,22/11/2022,399.90,3.00,3.00
SPY,23/11/2022,402.42,3.00,3.00
SPY,25/11/2022,402.33,3.00,3.00
SPY,28/11/2022,395.91,3.00,3.00
SPY,29/11/2022,395.23,3.00,3.00
SPY,30/11/2022,407.68,3.00,3.00
SPY,01/12/2022,407.38,3.00,3.00
SPY,02/12/2022,406.91,3.00,3.00
SPY,05/12/2022,399.59,3.00,3.00
SPY,06/12/2022,393.83,3.00,3.00
SPY,07/12/2022,393.16,3.00,3.00
SPY,08/12/2022,396.24,3.00,3.00
SPY,09/12/2022,393.28,2.00,3.00
