Ticker,Date/Time,Close,Signal10_20_15,MACD10_20,MA5_RSI10,RSI15,EMA10,EMA20,MA20
TSF-A,06/01/2012,24.18,-0.18,0.06,55.28,52.53,23.84,23.78,24.22
TSF-A,13/01/2012,24.54,-0.14,0.12,55.85,54.84,23.97,23.85,24.25
TSF-A,20/01/2012,24.98,-0.10,0.20,57.21,57.46,24.15,23.96,24.28
TSF-A,27/01/2012,25.33,-0.05,0.28,59.23,59.50,24.37,24.09,24.34
TSF-A,03/02/2012,25.83,0.00,0.38,62.28,62.31,24.63,24.25,24.39
TSF-A,10/02/2012,26.30,0.06,0.49,65.85,64.73,24.94,24.45,24.45
TSF-A,17/02/2012,26.69,0.13,0.59,69.16,66.62,25.25,24.66,24.51
TSF-A,24/02/2012,27.01,0.20,0.69,72.04,68.15,25.57,24.89,24.58
TSF-A,02/03/2012,27.75,0.28,0.81,75.06,71.37,25.97,25.16,24.65
TSF-A,09/03/2012,27.56,0.35,0.87,76.56,69.39,26.26,25.39,24.70
TSF-A,16/03/2012,28.35,0.43,0.97,78.20,72.72,26.64,25.67,24.76
TSF-A,23/03/2012,28.67,0.51,1.05,79.63,73.91,27.01,25.96,24.80
TSF-A,30/03/2012,28.75,0.58,1.10,80.76,74.24,27.33,26.22,24.85
TSF-A,05/04/2012,28.38,0.64,1.09,79.66,70.11,27.52,26.43,24.89
TSF-A,12/04/2012,28.00,0.69,1.03,77.89,66.12,27.61,26.58,24.93
TSF-A,20/04/2012,28.88,0.74,1.04,76.56,70.31,27.84,26.80,25.01
TSF-A,27/04/2012,29.11,0.78,1.05,75.24,71.32,28.07,27.02,25.08
TSF-A,04/05/2012,29.49,0.81,1.07,74.29,72.93,28.33,27.25,25.16
TSF-A,11/05/2012,28.47,0.83,0.98,71.56,62.78,28.35,27.37,25.22
TSF-A,18/05/2012,27.67,0.83,0.83,68.33,56.23,28.23,27.40,25.28
TSF-A,25/05/2012,27.30,0.81,0.67,63.11,53.41,28.06,27.39,25.35
TSF-A,01/06/2012,26.76,0.77,0.50,56.59,49.62,27.82,27.33,25.41
TSF-A,08/06/2012,27.08,0.73,0.38,50.39,51.82,27.69,27.31,25.48
TSF-A,15/06/2012,28.11,0.68,0.38,49.46,58.09,27.77,27.38,25.55
TSF-A,22/06/2012,27.76,0.64,0.35,49.66,55.45,27.77,27.42,25.59
TSF-A,29/06/2012,28.42,0.61,0.37,51.79,59.16,27.88,27.51,25.66
TSF-A,06/07/2012,28.87,0.58,0.42,55.64,61.57,28.06,27.64,25.72
TSF-A,13/07/2012,29.28,0.57,0.49,59.34,63.61,28.28,27.80,25.77
TSF-A,20/07/2012,29.02,0.56,0.50,60.34,61.39,28.42,27.91,25.84
TSF-A,27/07/2012,28.49,0.55,0.46,60.78,57.04,28.43,27.97,25.92
TSF-A,03/08/2012,29.09,0.54,0.48,61.14,60.46,28.55,28.08,26.00
TSF-A,10/08/2012,29.46,0.54,0.51,61.36,62.40,28.72,28.21,26.10
TSF-A,17/08/2012,29.66,0.54,0.54,61.31,63.44,28.89,28.35,26.20
TSF-A,24/08/2012,30.30,0.55,0.61,62.88,66.67,29.14,28.53,26.31
TSF-A,31/08/2012,29.79,0.55,0.61,64.31,62.03,29.26,28.65,26.42
TSF-A,07/09/2012,30.36,0.57,0.65,65.54,64.94,29.46,28.81,26.58
TSF-A,14/09/2012,31.13,0.59,0.73,67.17,68.46,29.76,29.04,26.78
TSF-A,21/09/2012,31.17,0.61,0.78,68.54,68.65,30.02,29.24,26.97
TSF-A,28/09/2012,31.12,0.64,0.80,68.81,68.17,30.22,29.42,27.14
TSF-A,05/10/2012,31.19,0.66,0.81,70.65,68.51,30.40,29.59,27.34
TSF-A,12/10/2012,31.03,0.67,0.79,71.01,66.71,30.51,29.72,27.49
TSF-A,19/10/2012,31.28,0.69,0.78,70.81,68.09,30.65,29.87,27.66
TSF-A,26/10/2012,30.40,0.69,0.68,67.52,58.76,30.61,29.92,27.80
TSF-A,02/11/2012,30.75,0.68,0.63,65.16,61.05,30.63,30.00,27.96
TSF-A,09/11/2012,30.48,0.66,0.56,61.87,58.36,30.60,30.05,28.11
TSF-A,16/11/2012,30.60,0.64,0.50,59.52,59.26,30.60,30.10,28.23
TSF-A,23/11/2012,30.74,0.62,0.47,57.07,60.21,30.63,30.16,28.36
TSF-A,30/11/2012,31.79,0.61,0.52,59.79,66.83,30.84,30.32,28.51
TSF-A,07/12/2012,32.39,0.61,0.61,62.59,69.87,31.12,30.51,28.68
TSF-A,14/12/2012,32.96,0.62,0.71,66.89,72.42,31.46,30.75,28.85
TSF-A,21/12/2012,32.88,0.64,0.76,70.59,71.55,31.71,30.95,29.03
TSF-A,28/12/2012,33.54,0.67,0.85,74.72,74.45,32.05,31.20,29.21
TSF-A,04/01/2013,34.36,0.70,0.97,77.45,77.47,32.47,31.50,29.40
TSF-A,11/01/2013,34.20,0.74,1.03,78.70,75.55,32.78,31.76,29.57
TSF-A,18/01/2013,35.00,0.79,1.12,79.97,78.35,33.19,32.06,29.76
TSF-A,25/01/2013,35.98,0.85,1.26,82.14,81.19,33.69,32.44,29.95
TSF-A,01/02/2013,36.48,0.92,1.38,83.83,82.44,34.20,32.82,30.15
TSF-A,08/02/2013,37.02,0.99,1.49,85.04,83.69,34.71,33.22,30.35
TSF-A,15/02/2013,38.75,1.08,1.70,87.47,86.92,35.45,33.75,30.57
TSF-A,22/02/2013,39.22,1.17,1.86,89.34,87.63,36.13,34.27,30.80
TSF-A,01/03/2013,39.53,1.28,1.98,90.66,88.09,36.75,34.77,31.02
TSF-A,08/03/2013,41.18,1.39,2.18,92.06,90.17,37.56,35.38,31.27
TSF-A,15/03/2013,42.17,1.51,2.37,93.35,91.15,38.39,36.03,31.54
TSF-A,22/03/2013,38.19,1.59,2.12,86.86,63.60,38.36,36.23,31.74
TSF-A,29/03/2013,40.72,1.65,2.13,81.96,69.81,38.79,36.66,31.99
TSF-A,05/04/2013,37.26,1.67,1.79,73.70,55.84,38.51,36.72,32.16
TSF-A,12/04/2013,38.57,1.67,1.63,65.99,59.16,38.52,36.89,32.35
TSF-A,19/04/2013,39.55,1.65,1.56,58.76,61.48,38.71,37.15,32.55
TSF-A,26/04/2013,40.69,1.64,1.58,59.40,64.03,39.07,37.49,32.80
TSF-A,03/05/2013,39.50,1.62,1.47,57.21,59.62,39.15,37.68,33.03
TSF-A,10/05/2013,40.22,1.60,1.42,58.80,61.33,39.34,37.92,33.29
TSF-A,17/05/2013,41.17,1.58,1.45,60.11,63.55,39.68,38.23,33.58
TSF-A,23/05/2013,40.24,1.55,1.36,59.83,59.94,39.78,38.42,33.84
TSF-A,31/05/2013,39.35,1.51,1.19,57.98,56.68,39.70,38.51,34.07
TSF-A,07/06/2013,37.22,1.43,0.86,55.47,49.71,39.25,38.39,34.26
TSF-A,14/06/2013,35.94,1.31,0.49,51.58,46.07,38.65,38.15,34.41
TSF-A,21/06/2013,33.46,1.15,-0.00,45.64,39.97,37.70,37.71,34.50
TSF-A,28/06/2013,34.84,0.97,-0.25,42.00,44.35,37.18,37.43,34.61
TSF-A,05/07/2013,33.86,0.79,-0.51,38.66,42.02,36.58,37.09,34.71
TSF-A,12/07/2013,33.66,0.60,-0.72,36.99,41.56,36.05,36.77,34.81
TSF-A,19/07/2013,34.98,0.43,-0.74,37.56,45.91,35.85,36.60,34.93
TSF-A,26/07/2013,34.48,0.28,-0.79,39.19,44.55,35.60,36.39,35.03
TSF-A,02/08/2013,32.87,0.12,-0.95,38.41,40.46,35.11,36.06,35.09
TSF-A,09/08/2013,33.63,-0.02,-0.99,39.04,43.11,34.84,35.83,35.16
TSF-A,16/08/2013,33.91,-0.14,-0.98,40.08,44.07,34.67,35.65,35.24
TSF-A,23/08/2013,30.49,-0.27,-1.24,37.62,35.96,33.91,35.15,35.24
TSF-A,30/08/2013,29.43,-0.43,-1.51,35.03,33.90,33.10,34.61,35.21
TSF-A,06/09/2013,30.38,-0.58,-1.60,34.60,37.33,32.60,34.21,35.19
TSF-A,13/09/2013,32.64,-0.68,-1.45,35.57,44.73,32.61,34.06,35.22
TSF-A,20/09/2013,35.22,-0.73,-1.08,38.16,51.71,33.08,34.17,35.30
TSF-A,27/09/2013,33.11,-0.77,-0.98,41.42,46.55,33.09,34.07,35.35
TSF-A,04/10/2013,33.41,-0.78,-0.86,45.41,47.37,33.15,34.00,35.39
TSF-A,11/10/2013,34.32,-0.76,-0.67,49.00,49.79,33.36,34.03,35.47
TSF-A,18/10/2013,35.05,-0.73,-0.46,50.92,51.72,33.67,34.13,35.55
TSF-A,25/10/2013,33.97,-0.69,-0.39,49.99,48.77,33.72,34.12,35.62
TSF-A,01/11/2013,33.40,-0.65,-0.38,50.07,47.23,33.66,34.05,35.68
TSF-A,08/11/2013,32.54,-0.62,-0.44,49.23,44.96,33.46,33.90,35.71
TSF-A,15/11/2013,32.65,-0.60,-0.47,47.82,45.31,33.31,33.78,35.73
TSF-A,22/11/2013,31.00,-0.61,-0.63,44.56,41.00,32.89,33.52,35.70
TSF-A,29/11/2013,31.31,-0.62,-0.70,42.58,42.11,32.60,33.31,35.67
TSF-A,06/12/2013,30.70,-0.64,-0.80,40.60,40.51,32.26,33.06,35.63
TSF-A,13/12/2013,30.31,-0.67,-0.89,38.99,39.47,31.90,32.80,35.56
TSF-A,20/12/2013,30.50,-0.71,-0.93,37.55,40.28,31.65,32.58,35.49
TSF-A,27/12/2013,29.33,-0.75,-1.04,36.44,37.05,31.23,32.27,35.39
TSF-A,03/01/2014,27.80,-0.81,-1.24,33.93,33.33,30.60,31.84,35.24
TSF-A,10/01/2014,28.31,-0.87,-1.32,32.71,35.66,30.19,31.51,35.09
TSF-A,17/01/2014,29.33,-0.92,-1.27,33.32,40.08,30.03,31.30,34.95
TSF-A,24/01/2014,29.92,-0.95,-1.16,34.46,42.55,30.01,31.17,34.81
TSF-A,31/01/2014,28.90,-0.98,-1.14,35.61,39.55,29.81,30.95,34.61
TSF-A,07/02/2014,29.44,-0.99,-1.07,38.56,41.90,29.74,30.81,34.41
TSF-A,13/02/2014,30.44,-0.98,-0.90,42.01,46.02,29.87,30.77,34.23
TSF-A,21/02/2014,30.25,-0.95,-0.79,43.72,45.33,29.94,30.72,34.01
TSF-A,28/02/2014,31.12,-0.91,-0.61,45.74,48.93,30.15,30.76,33.79
TSF-A,07/03/2014,31.99,-0.85,-0.39,49.71,52.25,30.49,30.88,33.67
TSF-A,14/03/2014,32.27,-0.76,-0.20,53.22,53.33,30.81,31.01,33.50
TSF-A,21/03/2014,31.80,-0.68,-0.10,54.64,51.26,30.99,31.09,33.39
TSF-A,28/03/2014,31.71,-0.60,-0.02,56.16,50.89,31.12,31.15,33.25
TSF-A,04/04/2014,32.44,-0.51,0.09,57.53,53.98,31.36,31.27,33.11
TSF-A,11/04/2014,32.18,-0.43,0.15,57.41,52.71,31.51,31.36,32.94
TSF-A,18/04/2014,32.92,-0.34,0.26,57.95,55.87,31.77,31.50,32.81
TSF-A,25/04/2014,32.79,-0.26,0.33,59.00,55.20,31.95,31.63,32.66
TSF-A,02/05/2014,33.97,-0.17,0.47,61.60,60.04,32.32,31.85,32.52
TSF-A,09/05/2014,32.48,-0.09,0.44,60.50,52.39,32.35,31.91,32.36
TSF-A,16/05/2014,33.29,-0.02,0.48,60.87,55.66,32.52,32.04,32.24
TSF-A,23/05/2014,33.11,0.04,0.48,59.97,54.78,32.63,32.14,32.16
TSF-A,30/05/2014,33.68,0.10,0.53,60.04,57.14,32.82,32.29,32.11
TSF-A,06/06/2014,34.83,0.17,0.65,59.93,61.49,33.18,32.53,32.14
TSF-A,13/06/2014,34.93,0.24,0.74,62.67,61.84,33.50,32.76,32.14
TSF-A,20/06/2014,34.72,0.31,0.78,63.96,60.59,33.72,32.95,32.16
TSF-A,27/06/2014,34.74,0.37,0.79,65.57,60.68,33.91,33.12,32.18
TSF-A,04/07/2014,35.41,0.43,0.85,67.28,63.41,34.18,33.34,32.19
TSF-A,10/07/2014,36.00,0.49,0.92,68.38,65.69,34.51,33.59,32.22
TSF-A,18/07/2014,36.37,0.55,1.00,69.75,67.07,34.85,33.86,32.29
TSF-A,25/07/2014,37.26,0.62,1.11,72.34,70.12,35.29,34.18,32.36
TSF-A,01/08/2014,36.27,0.68,1.09,72.42,63.10,35.47,34.38,32.41
TSF-A,08/08/2014,36.51,0.73,1.07,71.96,64.03,35.66,34.58,32.53
TSF-A,15/08/2014,37.66,0.78,1.15,72.05,68.20,36.02,34.87,32.69
TSF-A,22/08/2014,37.99,0.84,1.21,72.06,69.30,36.38,35.17,32.85
TSF-A,29/08/2014,38.19,0.89,1.25,71.48,69.95,36.71,35.46,32.96
TSF-A,05/09/2014,38.66,0.94,1.30,73.80,71.51,37.06,35.76,33.03
TSF-A,12/09/2014,37.98,0.98,1.26,74.00,66.20,37.23,35.98,33.12
TSF-A,19/09/2014,38.53,1.01,1.25,73.63,68.22,37.47,36.22,33.23
TSF-A,26/09/2014,38.72,1.04,1.24,73.17,68.92,37.69,36.46,33.31
TSF-A,03/10/2014,37.65,1.05,1.12,69.91,60.90,37.69,36.57,33.37
TSF-A,10/10/2014,37.17,1.04,0.97,65.24,57.67,37.59,36.63,33.43
TSF-A,17/10/2014,36.48,1.01,0.78,61.12,53.26,37.39,36.61,33.49
TSF-A,24/10/2014,36.78,0.96,0.65,56.98,54.88,37.28,36.63,33.58
TSF-A,31/10/2014,37.93,0.92,0.65,54.46,60.42,37.40,36.75,33.68
TSF-A,07/11/2014,37.18,0.88,0.56,53.15,55.60,37.36,36.79,33.81
TSF-A,14/11/2014,37.37,0.83,0.51,53.13,56.54,37.36,36.85,33.93
TSF-A,21/11/2014,37.97,0.79,0.52,55.33,59.42,37.47,36.96,34.07
TSF-A,28/11/2014,38.80,0.77,0.58,58.09,63.06,37.71,37.13,34.24
TSF-A,04/12/2014,39.02,0.75,0.64,59.28,63.99,37.95,37.31,34.41
TSF-A,12/12/2014,36.98,0.72,0.49,58.18,51.34,37.77,37.28,34.57
TSF-A,19/12/2014,36.72,0.67,0.36,56.40,50.00,37.58,37.23,34.74
TSF-A,26/12/2014,36.04,0.61,0.19,52.78,46.55,37.30,37.11,34.90
TSF-A,31/12/2014,36.17,0.54,0.07,48.28,47.29,37.10,37.02,35.03
TSF-A,09/01/2015,36.76,0.48,0.04,44.62,50.64,37.04,37.00,35.17
TSF-A,16/01/2015,36.95,0.42,0.03,45.05,51.69,37.02,36.99,35.33
TSF-A,23/01/2015,38.27,0.39,0.13,47.89,58.27,37.25,37.12,35.51
TSF-A,30/01/2015,39.51,0.38,0.31,53.06,63.34,37.66,37.34,35.69
TSF-A,06/02/2015,39.64,0.39,0.46,58.13,63.82,38.02,37.56,35.88
TSF-A,13/02/2015,40.06,0.41,0.59,62.51,65.43,38.39,37.80,36.06
TSF-A,20/02/2015,39.74,0.44,0.65,65.81,63.16,38.64,37.98,36.21
TSF-A,27/02/2015,40.71,0.48,0.77,68.10,66.91,39.01,38.24,36.38
TSF-A,06/03/2015,39.54,0.52,0.74,66.55,59.11,39.11,38.37,36.54
TSF-A,13/03/2015,39.01,0.53,0.66,63.93,55.93,39.09,38.43,36.68
TSF-A,20/03/2015,39.88,0.55,0.67,62.03,59.74,39.23,38.57,36.83
TSF-A,27/03/2015,37.82,0.54,0.48,57.89,49.03,38.98,38.50,36.94
TSF-A,03/04/2015,39.93,0.54,0.52,55.12,57.42,39.15,38.63,37.08
TSF-A,10/04/2015,40.61,0.55,0.59,55.40,59.68,39.41,38.82,37.24
TSF-A,17/04/2015,40.89,0.56,0.67,56.87,60.61,39.68,39.02,37.38
TSF-A,24/04/2015,40.97,0.58,0.71,57.27,60.92,39.92,39.20,37.55
TSF-A,30/04/2015,40.40,0.59,0.69,59.72,57.79,40.00,39.32,37.69
TSF-A,08/05/2015,38.70,0.58,0.51,57.49,49.72,39.77,39.26,37.80
TSF-A,15/05/2015,38.35,0.55,0.34,54.22,48.21,39.51,39.17,37.90
TSF-A,22/05/2015,38.03,0.51,0.18,50.33,46.84,39.24,39.06,37.96
TSF-A,29/05/2015,38.06,0.45,0.06,46.42,47.03,39.03,38.97,38.02
TSF-A,05/06/2015,37.99,0.39,-0.04,43.34,46.67,38.84,38.87,38.09
TSF-A,12/06/2015,37.86,0.33,-0.12,42.34,46.03,38.66,38.78,38.15
TSF-A,19/06/2015,37.24,0.26,-0.23,40.88,43.01,38.40,38.63,38.19
TSF-A,26/06/2015,38.35,0.20,-0.21,41.99,49.39,38.39,38.60,38.23
TSF-A,03/07/2015,37.04,0.13,-0.31,41.24,43.22,38.15,38.45,38.25
TSF-A,10/07/2015,36.84,0.07,-0.39,40.37,42.37,37.91,38.30,38.24
TSF-A,17/07/2015,36.70,0.00,-0.46,39.51,41.75,37.69,38.15,38.25
TSF-A,24/07/2015,35.46,-0.07,-0.61,38.14,36.61,37.28,37.89,38.23
TSF-A,31/07/2015,35.33,-0.16,-0.72,34.45,36.11,36.93,37.65,38.18
TSF-A,07/08/2015,35.32,-0.23,-0.79,32.53,36.09,36.64,37.43,38.13
TSF-A,14/08/2015,34.53,-0.32,-0.90,30.04,32.93,36.25,37.15,38.05
TSF-A,21/08/2015,33.95,-0.40,-1.01,27.21,30.83,35.83,36.85,37.96
TSF-A,28/08/2015,33.92,-0.49,-1.08,25.74,30.73,35.49,36.57,37.88
TSF-A,04/09/2015,34.62,-0.56,-1.05,26.41,36.34,35.33,36.38,37.80
TSF-A,11/09/2015,34.85,-0.61,-0.99,27.70,38.13,35.24,36.24,37.72
TSF-A,18/09/2015,34.79,-0.65,-0.94,29.71,37.84,35.16,36.10,37.66
TSF-A,25/09/2015,33.94,-0.69,-0.95,31.04,33.88,34.94,35.89,37.60
TSF-A,02/10/2015,33.00,-0.73,-1.03,31.37,30.13,34.59,35.62,37.53
TSF-A,09/10/2015,34.89,-0.76,-0.91,33.91,43.53,34.64,35.55,37.49
TSF-A,16/10/2015,35.19,-0.76,-0.77,36.33,45.31,34.74,35.51,37.44
TSF-A,22/10/2015,34.88,-0.75,-0.69,38.37,43.79,34.76,35.45,37.39
TSF-A,30/10/2015,34.10,-0.74,-0.68,40.47,40.14,34.64,35.32,37.33
TSF-A,06/11/2015,34.99,-0.72,-0.59,45.22,45.69,34.71,35.29,37.27
TSF-A,13/11/2015,34.63,-0.70,-0.54,45.21,43.92,34.69,35.23,37.18
TSF-A,20/11/2015,35.57,-0.66,-0.41,46.26,49.38,34.85,35.26,37.11
TSF-A,27/11/2015,34.39,-0.63,-0.41,46.02,43.65,34.77,35.18,37.06
TSF-A,04/12/2015,34.29,-0.60,-0.41,46.78,43.21,34.68,35.09,37.01
TSF-A,11/12/2015,32.80,-0.60,-0.54,44.12,37.05,34.34,34.87,36.95
TSF-A,18/12/2015,33.33,-0.59,-0.57,42.98,40.29,34.15,34.73,36.89
TSF-A,25/12/2015,34.08,-0.58,-0.52,41.55,44.62,34.14,34.67,36.84
TSF-A,31/12/2015,35.07,-0.56,-0.39,43.33,49.78,34.31,34.70,36.80
TSF-A,08/01/2016,33.45,-0.54,-0.43,43.18,42.81,34.15,34.59,36.70
TSF-A,15/01/2016,33.95,-0.53,-0.41,45.51,45.33,34.12,34.52,36.59
TSF-A,22/01/2016,34.03,-0.51,-0.38,46.99,45.74,34.10,34.48,36.48
TSF-A,29/01/2016,34.09,-0.49,-0.34,47.30,46.09,34.10,34.44,36.36
TSF-A,05/02/2016,34.37,-0.46,-0.29,46.64,47.65,34.15,34.43,36.25
TSF-A,12/02/2016,33.30,-0.45,-0.33,46.43,42.53,33.99,34.33,36.11
TSF-A,19/02/2016,33.91,-0.43,-0.31,46.60,46.06,33.98,34.29,35.99
TSF-A,26/02/2016,34.17,-0.41,-0.26,47.08,47.51,34.01,34.27,35.90
TSF-A,04/03/2016,34.48,-0.38,-0.20,47.99,49.28,34.10,34.29,35.79
TSF-A,11/03/2016,35.03,-0.35,-0.10,49.34,52.32,34.27,34.36,35.73
TSF-A,18/03/2016,34.60,-0.31,-0.06,51.45,49.86,34.33,34.39,35.63
TSF-A,25/03/2016,34.40,-0.28,-0.05,52.08,48.66,34.34,34.39,35.50
TSF-A,01/04/2016,34.79,-0.24,-0.00,53.02,51.05,34.42,34.43,35.38
TSF-A,08/04/2016,34.12,-0.22,-0.03,52.08,47.03,34.37,34.40,35.24
TSF-A,12/04/2016,34.65,-0.19,-0.00,51.28,50.38,34.42,34.42,35.13
TSF-A,22/04/2016,35.13,-0.16,0.06,52.19,53.19,34.55,34.49,35.06
TSF-A,29/04/2016,35.28,-0.12,0.12,53.76,54.08,34.68,34.56,34.99
TSF-A,04/05/2016,34.76,-0.09,0.11,53.35,50.54,34.69,34.58,34.93
TSF-A,13/05/2016,35.44,-0.06,0.17,55.58,54.68,34.83,34.66,34.88
TSF-A,19/05/2016,34.57,-0.04,0.13,54.89,49.06,34.78,34.65,34.81
TSF-A,27/05/2016,35.26,-0.01,0.16,54.60,53.14,34.87,34.71,34.76
TSF-A,03/06/2016,35.51,0.01,0.20,54.46,54.56,34.98,34.79,34.72
TSF-A,10/06/2016,34.95,0.03,0.18,54.35,50.89,34.98,34.80,34.65
TSF-A,17/06/2016,34.26,0.04,0.10,51.67,46.70,34.85,34.75,34.60
TSF-A,24/06/2016,34.17,0.04,0.03,50.67,46.15,34.72,34.70,34.54
TSF-A,30/06/2016,35.17,0.04,0.06,50.47,52.60,34.81,34.74,34.51
TSF-A,08/07/2016,35.39,0.05,0.11,50.22,53.88,34.91,34.80,34.51
TSF-A,15/07/2016,36.77,0.08,0.26,53.16,61.03,35.25,34.99,34.54
TSF-A,22/07/2016,36.90,0.11,0.38,57.57,61.63,35.55,35.17,34.57
TSF-A,29/07/2016,38.35,0.17,0.58,63.61,67.56,36.06,35.47,34.65
TSF-A,05/08/2016,37.92,0.24,0.69,66.61,64.45,36.40,35.71,34.73
TSF-A,11/08/2016,38.70,0.31,0.82,69.98,67.43,36.82,35.99,34.83
TSF-A,19/08/2016,38.90,0.39,0.93,71.54,68.16,37.20,36.27,34.91
TSF-A,26/08/2016,39.45,0.47,1.03,73.42,70.13,37.61,36.57,35.00
TSF-A,02/09/2016,38.72,0.54,1.03,71.97,64.40,37.81,36.78,35.08
TSF-A,09/09/2016,36.74,0.58,0.84,67.96,52.12,37.61,36.77,35.14
TSF-A,16/09/2016,37.36,0.60,0.74,64.06,54.99,37.57,36.83,35.22
TSF-A,23/09/2016,37.95,0.61,0.70,60.75,57.62,37.64,36.94,35.29
TSF-A,30/09/2016,38.25,0.62,0.69,57.33,58.91,37.75,37.06,35.35
TSF-A,07/10/2016,39.26,0.64,0.75,56.92,62.97,38.02,37.27,35.43
TSF-A,14/10/2016,38.67,0.65,0.74,58.99,59.33,38.14,37.40,35.53
TSF-A,21/10/2016,39.66,0.67,0.80,61.31,63.21,38.42,37.62,35.62
TSF-A,28/10/2016,39.27,0.68,0.80,62.11,60.72,38.57,37.78,35.71
TSF-A,04/11/2016,39.41,0.70,0.79,62.70,61.31,38.72,37.93,35.79
TSF-A,11/11/2016,39.66,0.71,0.80,62.46,62.36,38.89,38.10,35.89
TSF-A,18/11/2016,38.96,0.71,0.73,61.83,57.62,38.91,38.18,35.99
TSF-A,25/11/2016,40.18,0.72,0.77,61.68,62.87,39.14,38.37,36.14
TSF-A,02/12/2016,39.92,0.72,0.76,61.74,61.14,39.28,38.52,36.27
TSF-A,09/12/2016,40.34,0.73,0.78,62.17,62.91,39.47,38.69,36.39
TSF-A,16/12/2016,39.94,0.73,0.75,61.40,60.15,39.56,38.81,36.49
TSF-A,23/12/2016,39.58,0.73,0.68,61.34,57.66,39.56,38.88,36.61
TSF-A,30/12/2016,40.84,0.73,0.72,61.44,63.29,39.79,39.07,36.75
TSF-A,06/01/2017,41.51,0.74,0.80,62.80,65.87,40.10,39.30,36.90
TSF-A,13/01/2017,41.18,0.75,0.82,62.90,63.54,40.30,39.48,37.04
TSF-A,20/01/2017,40.73,0.75,0.78,62.88,60.35,40.38,39.60,37.17
TSF-A,27/01/2017,40.67,0.75,0.73,63.50,59.96,40.43,39.70,37.32
TSF-A,03/02/2017,40.45,0.74,0.66,61.87,58.36,40.44,39.77,37.45
TSF-A,10/02/2017,40.01,0.72,0.56,58.48,55.10,40.36,39.79,37.56
TSF-A,17/02/2017,39.81,0.68,0.46,55.41,53.71,40.26,39.80,37.67
TSF-A,24/02/2017,40.07,0.65,0.40,53.90,55.31,40.22,39.82,37.77
TSF-A,03/03/2017,40.45,0.62,0.38,53.35,57.65,40.26,39.88,37.89
TSF-A,10/03/2017,39.49,0.57,0.28,51.12,50.58,40.12,39.84,37.99
TSF-A,17/03/2017,40.24,0.53,0.26,51.46,55.14,40.14,39.88,38.10
TSF-A,24/03/2017,40.45,0.50,0.26,52.64,56.38,40.20,39.94,38.23
TSF-A,31/03/2017,40.56,0.47,0.27,53.47,57.06,40.27,40.00,38.34
TSF-A,07/04/2017,41.08,0.45,0.31,54.44,60.07,40.41,40.10,38.46
TSF-A,12/04/2017,41.57,0.44,0.38,58.44,62.77,40.62,40.24,38.59
TSF-A,21/04/2017,40.70,0.43,0.35,58.60,55.67,40.64,40.28,38.71
TSF-A,28/04/2017,40.56,0.42,0.31,58.02,54.59,40.62,40.31,38.81
TSF-A,05/05/2017,40.61,0.40,0.28,57.35,54.97,40.62,40.34,38.93
TSF-A,12/05/2017,39.79,0.37,0.18,53.82,48.78,40.47,40.29,39.02
TSF-A,19/05/2017,40.54,0.35,0.17,51.17,53.85,40.48,40.31,39.12
TSF-A,26/05/2017,41.18,0.33,0.22,52.00,57.69,40.61,40.39,39.25
TSF-A,02/06/2017,41.11,0.32,0.24,52.98,57.13,40.70,40.46,39.38
TSF-A,09/06/2017,41.65,0.32,0.30,54.80,60.28,40.87,40.57,39.53
TSF-A,16/06/2017,41.85,0.32,0.35,58.84,61.43,41.05,40.70,39.67
TSF-A,23/06/2017,42.06,0.33,0.41,61.54,62.63,41.23,40.83,39.80
TSF-A,30/06/2017,40.57,0.33,0.31,59.33,50.68,41.11,40.80,39.88
TSF-A,07/07/2017,39.68,0.31,0.16,55.80,45.12,40.85,40.69,39.93
TSF-A,14/07/2017,39.66,0.28,0.04,51.26,45.00,40.63,40.60,39.96
TSF-A,21/07/2017,39.48,0.23,-0.06,46.09,43.89,40.42,40.49,39.99
TSF-A,27/07/2017,39.12,0.18,-0.17,39.96,41.71,40.19,40.36,40.00
TSF-A,04/08/2017,39.14,0.13,-0.25,37.62,41.91,40.00,40.24,40.00
TSF-A,11/08/2017,37.91,0.06,-0.40,35.03,35.03,39.62,40.02,39.97
TSF-A,18/08/2017,38.78,-0.00,-0.44,34.83,42.17,39.46,39.90,39.97
TSF-A,25/08/2017,40.09,-0.04,-0.34,37.55,50.96,39.58,39.92,40.04
TSF-A,01/09/2017,41.03,-0.06,-0.18,42.25,56.06,39.84,40.03,40.11
TSF-A,08/09/2017,41.98,-0.05,0.02,48.05,60.52,40.23,40.21,40.19
TSF-A,15/09/2017,42.72,-0.01,0.23,56.35,63.58,40.68,40.45,40.28
TSF-A,22/09/2017,42.24,0.03,0.35,61.31,60.31,40.97,40.62,40.34
TSF-A,29/09/2017,42.28,0.08,0.43,63.69,60.51,41.21,40.78,40.41
TSF-A,06/10/2017,43.97,0.15,0.62,66.41,67.26,41.71,41.08,40.50
TSF-A,12/10/2017,44.64,0.23,0.82,68.49,69.50,42.24,41.42,40.61
TSF-A,20/10/2017,44.36,0.32,0.92,69.17,67.41,42.63,41.70,40.71
TSF-A,27/10/2017,45.61,0.42,1.09,71.81,71.44,43.17,42.07,40.83
TSF-A,03/11/2017,45.31,0.51,1.18,73.73,69.25,43.56,42.38,40.95
TSF-A,10/11/2017,45.57,0.60,1.24,74.14,70.11,43.92,42.69,41.06
TSF-A,17/11/2017,46.73,0.70,1.36,74.89,73.60,44.43,43.07,41.20
TSF-A,24/11/2017,45.65,0.78,1.34,73.95,65.90,44.66,43.32,41.30
TSF-A,01/12/2017,45.37,0.84,1.27,71.48,64.04,44.79,43.51,41.41
TSF-A,08/12/2017,45.83,0.89,1.24,70.18,65.73,44.97,43.73,41.54
TSF-A,15/12/2017,45.88,0.93,1.20,68.72,65.92,45.14,43.94,41.64
TSF-A,22/12/2017,47.01,0.97,1.25,67.54,69.92,45.48,44.23,41.75
TSF-A,29/12/2017,47.78,1.01,1.33,69.31,72.31,45.90,44.57,41.88
TSF-A,05/01/2018,48.59,1.07,1.44,72.21,74.58,46.39,44.95,42.04
TSF-A,12/01/2018,50.19,1.14,1.63,75.50,78.32,47.08,45.45,42.23
TSF-A,19/01/2018,51.39,1.23,1.85,79.23,80.61,47.86,46.02,42.45
TSF-A,26/01/2018,51.83,1.32,2.01,81.98,81.38,48.58,46.57,42.68
TSF-A,02/02/2018,51.37,1.42,2.06,83.04,77.95,49.09,47.03,42.91
TSF-A,09/02/2018,50.98,1.49,2.03,82.61,74.98,49.43,47.40,43.13
TSF-A,16/02/2018,52.15,1.57,2.07,82.04,77.68,49.93,47.85,43.37
TSF-A,23/02/2018,51.65,1.62,2.02,79.86,74.02,50.24,48.22,43.61
TSF-A,02/03/2018,51.54,1.66,1.94,77.28,73.21,50.48,48.53,43.84
TSF-A,09/03/2018,49.62,1.67,1.68,72.19,60.79,50.32,48.64,44.02
TSF-A,16/03/2018,51.34,1.66,1.61,69.73,66.30,50.51,48.89,44.23
TSF-A,23/03/2018,50.74,1.64,1.48,65.65,62.99,50.55,49.07,44.43
TSF-A,30/03/2018,51.16,1.61,1.39,63.08,64.33,50.66,49.27,44.62
TSF-A,05/04/2018,50.53,1.56,1.25,59.78,60.82,50.64,49.39,44.82
TSF-A,12/04/2018,51.30,1.51,1.19,60.86,63.41,50.76,49.57,45.03
TSF-A,20/04/2018,52.57,1.48,1.23,61.40,67.28,51.09,49.86,45.27
TSF-A,27/04/2018,51.91,1.44,1.18,61.77,63.57,51.24,50.05,45.51
TSF-A,04/05/2018,52.20,1.41,1.16,62.01,64.50,51.41,50.26,45.75
TSF-A,11/05/2018,52.39,1.37,1.13,63.43,65.12,51.59,50.46,45.97
TSF-A,18/05/2018,51.53,1.33,1.02,62.50,60.01,51.58,50.56,46.18
TSF-A,25/05/2018,50.71,1.27,0.85,59.13,55.52,51.42,50.58,46.36
TSF-A,01/06/2018,50.07,1.19,0.65,55.95,52.29,51.18,50.53,46.52
TSF-A,08/06/2018,50.31,1.10,0.51,52.86,53.38,51.02,50.51,46.69
TSF-A,15/06/2018,49.45,1.01,0.33,48.39,49.05,50.73,50.41,46.87
TSF-A,22/06/2018,47.58,0.88,0.02,43.52,41.29,50.16,50.14,47.02
TSF-A,29/06/2018,46.29,0.73,-0.31,38.96,36.93,49.46,49.77,47.16
TSF-A,06/07/2018,46.53,0.58,-0.54,35.71,38.23,48.92,49.46,47.30
TSF-A,13/07/2018,47.90,0.43,-0.58,34.34,45.13,48.74,49.31,47.47
TSF-A,20/07/2018,48.24,0.31,-0.56,34.65,46.68,48.65,49.21,47.66
TSF-A,26/07/2018,48.85,0.21,-0.49,37.76,49.50,48.69,49.18,47.88
TSF-A,03/08/2018,49.08,0.13,-0.41,42.17,50.55,48.76,49.17,48.08
TSF-A,10/08/2018,48.56,0.06,-0.39,45.41,48.10,48.72,49.11,48.25
TSF-A,17/08/2018,48.51,0.01,-0.37,46.32,47.88,48.68,49.05,48.40
TSF-A,24/08/2018,48.76,-0.03,-0.33,47.19,49.21,48.70,49.02,48.54
TSF-A,31/08/2018,49.47,-0.06,-0.23,48.38,52.89,48.84,49.07,48.67
TSF-A,07/09/2018,48.87,-0.08,-0.21,48.18,49.62,48.84,49.05,48.80
TSF-A,14/09/2018,49.75,-0.08,-0.11,50.15,54.07,49.01,49.12,48.95
TSF-A,21/09/2018,51.05,-0.06,0.08,53.82,59.69,49.38,49.30,49.09
TSF-A,28/09/2018,52.37,-0.01,0.33,58.28,64.40,49.92,49.59,49.25
TSF-A,05/10/2018,51.71,0.05,0.45,60.30,60.59,50.25,49.79,49.40
TSF-A,12/10/2018,51.38,0.11,0.51,62.80,58.74,50.45,49.95,49.51
TSF-A,19/10/2018,51.13,0.16,0.52,63.41,57.30,50.58,50.06,49.63
TSF-A,26/10/2018,49.51,0.18,0.38,59.91,49.05,50.38,50.01,49.71
TSF-A,02/11/2018,50.99,0.21,0.39,57.06,55.34,50.49,50.10,49.79
TSF-A,09/11/2018,49.89,0.22,0.30,54.01,50.36,50.38,50.08,49.88
TSF-A,16/11/2018,48.28,0.21,0.09,49.87,44.17,50.00,49.91,49.93
TSF-A,23/11/2018,47.88,0.17,-0.10,45.83,42.75,49.62,49.71,49.98
TSF-A,30/11/2018,48.96,0.13,-0.15,45.75,47.59,49.50,49.64,50.04
TSF-A,07/12/2018,49.53,0.10,-0.13,44.48,49.98,49.50,49.63,50.09
TSF-A,14/12/2018,48.59,0.06,-0.20,43.57,46.23,49.34,49.53,50.10
TSF-A,21/12/2018,47.59,0.01,-0.33,43.34,42.63,49.02,49.35,50.08
TSF-A,28/12/2018,46.52,-0.05,-0.51,42.56,39.12,48.56,49.08,50.01
TSF-A,04/01/2019,46.46,-0.13,-0.65,40.24,38.94,48.18,48.83,49.91
TSF-A,11/01/2019,46.49,-0.20,-0.73,37.26,39.07,47.87,48.61,49.81
TSF-A,18/01/2019,44.82,-0.29,-0.93,33.97,33.79,47.32,48.25,49.67
TSF-A,25/01/2019,46.37,-0.37,-0.92,34.14,41.64,47.15,48.07,49.58
TSF-A,01/02/2019,47.21,-0.43,-0.83,36.35,45.39,47.16,47.98,49.48
TSF-A,08/02/2019,47.65,-0.46,-0.71,39.18,47.33,47.25,47.95,49.40
TSF-A,15/02/2019,47.97,-0.48,-0.58,42.39,48.74,47.38,47.96,49.33
TSF-A,22/02/2019,48.63,-0.47,-0.41,47.79,51.55,47.61,48.02,49.31
TSF-A,01/03/2019,47.21,-0.46,-0.41,48.90,45.73,47.53,47.94,49.23
TSF-A,08/03/2019,46.94,-0.46,-0.42,48.57,44.69,47.43,47.85,49.15
TSF-A,15/03/2019,46.66,-0.46,-0.45,47.35,43.62,47.29,47.73,49.06
TSF-A,22/03/2019,46.97,-0.45,-0.43,46.23,45.20,47.23,47.66,48.99
TSF-A,29/03/2019,47.13,-0.45,-0.40,44.55,46.04,47.21,47.61,48.91
TSF-A,05/04/2019,47.79,-0.43,-0.31,45.80,49.48,47.32,47.63,48.81
TSF-A,12/04/2019,48.29,-0.40,-0.20,48.13,51.95,47.50,47.69,48.74
TSF-A,19/04/2019,48.84,-0.36,-0.06,51.56,54.55,47.74,47.80,48.67
TSF-A,26/04/2019,48.56,-0.31,0.02,53.92,52.99,47.89,47.87,48.60
TSF-A,03/05/2019,49.18,-0.26,0.13,56.92,56.01,48.13,48.00,48.55
TSF-A,10/05/2019,48.36,-0.21,0.13,57.17,51.30,48.17,48.03,48.50
TSF-A,17/05/2019,46.83,-0.18,0.01,54.36,43.98,47.92,47.92,48.44
TSF-A,24/05/2019,46.67,-0.17,-0.10,50.56,43.30,47.70,47.80,48.37
TSF-A,31/05/2019,47.87,-0.16,-0.08,49.35,49.66,47.73,47.81,48.33
TSF-A,07/06/2019,49.45,-0.13,0.08,49.20,56.56,48.04,47.96,48.37
TSF-A,14/06/2019,50.30,-0.08,0.27,51.54,59.74,48.45,48.19,48.45
TSF-A,21/06/2019,51.29,-0.01,0.49,57.02,63.09,48.97,48.48,48.55
TSF-A,28/06/2019,51.74,0.08,0.68,63.06,64.54,49.47,48.79,48.62
TSF-A,05/07/2019,52.04,0.17,0.84,67.33,65.53,49.94,49.10,48.70
TSF-A,12/07/2019,52.50,0.27,0.98,69.99,66.97,50.40,49.42,48.77
TSF-A,19/07/2019,53.37,0.38,1.14,72.43,69.60,50.94,49.80,48.86
TSF-A,26/07/2019,52.87,0.48,1.20,72.94,66.38,51.29,50.09,48.94
TSF-A,02/08/2019,51.76,0.56,1.13,70.95,59.72,51.38,50.25,49.01
TSF-A,09/08/2019,51.24,0.62,1.01,67.83,56.85,51.35,50.34,49.06
TSF-A,16/08/2019,51.55,0.66,0.93,64.75,58.15,51.39,50.46,49.10
TSF-A,23/08/2019,52.05,0.69,0.90,61.67,60.19,51.51,50.61,49.16
TSF-A,30/08/2019,52.68,0.72,0.91,60.42,62.65,51.72,50.81,49.22
TSF-A,06/09/2019,53.99,0.75,1.02,62.58,67.17,52.14,51.11,49.28
TSF-A,13/09/2019,52.99,0.79,1.00,63.70,61.11,52.29,51.29,49.29
TSF-A,20/09/2019,51.60,0.79,0.84,62.31,53.88,52.16,51.32,49.29
TSF-A,27/09/2019,52.17,0.79,0.77,60.99,56.17,52.17,51.40,49.31
TSF-A,04/10/2019,51.22,0.77,0.61,57.63,51.59,51.99,51.38,49.31
TSF-A,11/10/2019,52.68,0.75,0.61,54.73,57.28,52.12,51.51,49.37
TSF-A,18/10/2019,54.31,0.75,0.74,55.23,62.58,52.52,51.77,49.44
TSF-A,25/10/2019,53.21,0.75,0.73,56.37,57.43,52.64,51.91,49.51
TSF-A,01/11/2019,53.12,0.74,0.70,56.68,57.01,52.73,52.03,49.60
TSF-A,08/11/2019,55.20,0.75,0.85,60.11,63.46,53.18,52.33,49.75
TSF-A,15/11/2019,54.11,0.77,0.85,60.39,58.53,53.35,52.50,49.85
TSF-A,22/11/2019,54.60,0.78,0.88,59.61,60.02,53.57,52.70,49.95
TSF-A,29/11/2019,54.07,0.79,0.84,59.61,57.62,53.66,52.83,50.06
TSF-A,06/12/2019,53.05,0.78,0.70,58.48,53.24,53.55,52.85,50.17
TSF-A,13/12/2019,54.43,0.77,0.71,56.93,57.90,53.71,53.00,50.33
TSF-A,20/12/2019,53.51,0.75,0.63,55.70,54.04,53.68,53.05,50.47
TSF-A,27/12/2019,53.89,0.73,0.59,54.44,55.37,53.72,53.13,50.62
TSF-A,03/01/2020,54.36,0.71,0.59,54.39,57.00,53.83,53.25,50.81
TSF-A,10/01/2020,53.43,0.69,0.50,54.36,52.89,53.76,53.26,50.95
TSF-A,17/01/2020,55.45,0.67,0.60,54.97,59.64,54.07,53.47,51.12
TSF-A,24/01/2020,55.20,0.67,0.64,56.34,58.52,54.27,53.64,51.27
TSF-A,31/01/2020,53.43,0.65,0.50,55.21,51.27,54.12,53.62,51.38
TSF-A,07/02/2020,54.66,0.63,0.50,54.82,55.40,54.22,53.72,51.50
TSF-A,14/02/2020,54.71,0.61,0.50,55.69,55.53,54.31,53.81,51.65
TSF-A,21/02/2020,53.41,0.58,0.37,53.05,50.41,54.14,53.77,51.78
TSF-A,28/02/2020,47.49,0.48,-0.24,46.88,34.72,52.93,53.17,51.79
TSF-A,06/03/2020,49.07,0.35,-0.55,44.35,40.06,52.23,52.78,51.83
TSF-A,13/03/2020,40.21,0.11,-1.54,37.69,26.87,50.04,51.59,51.70
TSF-A,20/03/2020,39.90,-0.18,-2.27,30.93,26.55,48.20,50.47,51.54
TSF-A,27/03/2020,36.49,-0.54,-3.07,24.98,23.21,46.07,49.14,51.30
TSF-A,03/04/2020,38.40,-0.91,-3.44,24.37,28.60,44.68,48.12,51.09
TSF-A,10/04/2020,42.86,-1.20,-3.27,25.03,39.25,44.35,47.62,50.98
TSF-A,17/04/2020,43.49,-1.43,-3.03,28.94,40.59,44.19,47.22,50.87
TSF-A,24/04/2020,45.27,-1.58,-2.65,33.88,44.31,44.39,47.04,50.80
TSF-A,30/04/2020,47.14,-1.66,-2.16,40.45,47.99,44.89,47.05,50.81
TSF-A,08/05/2020,46.08,-1.68,-1.85,45.01,46.14,45.10,46.96,50.80
TSF-A,15/05/2020,47.74,-1.65,-1.45,47.63,49.41,45.58,47.03,50.80
TSF-A,22/05/2020,49.88,-1.56,-0.94,50.91,53.32,46.36,47.30,50.80
TSF-A,29/05/2020,50.07,-1.43,-0.53,53.31,53.65,47.04,47.56,50.80
TSF-A,05/06/2020,55.01,-1.23,0.21,56.71,61.49,48.49,48.27,50.87
TSF-A,12/06/2020,53.19,-1.00,0.60,59.47,57.64,49.34,48.74,50.90
TSF-A,19/06/2020,52.70,-0.77,0.83,61.05,56.63,49.95,49.12,50.92
TSF-A,26/06/2020,51.01,-0.57,0.85,60.53,53.14,50.15,49.30,50.89
TSF-A,03/07/2020,53.70,-0.36,1.07,61.15,57.59,50.79,49.72,50.89
TSF-A,10/07/2020,53.90,-0.16,1.24,59.90,57.90,51.36,50.12,50.91
TSF-A,17/07/2020,54.41,0.03,1.39,60.06,58.75,51.91,50.53,50.97
TSF-A,24/07/2020,53.96,0.21,1.43,60.17,57.65,52.29,50.85,51.02
TSF-A,31/07/2020,53.92,0.36,1.44,61.31,57.55,52.58,51.15,51.07
TSF-A,07/08/2020,54.16,0.50,1.44,61.38,58.03,52.87,51.43,51.11
TSF-A,14/08/2020,53.58,0.60,1.36,60.78,56.37,53.00,51.64,51.13
TSF-A,21/08/2020,53.90,0.69,1.31,60.18,57.11,53.16,51.85,51.13
TSF-A,28/08/2020,55.45,0.78,1.38,61.01,60.48,53.58,52.20,51.18
TSF-A,03/09/2020,54.78,0.85,1.36,61.09,58.33,53.80,52.44,51.24
TSF-A,11/09/2020,52.31,0.88,1.10,58.63,51.23,53.53,52.43,51.24
TSF-A,18/09/2020,53.57,0.90,1.00,57.78,54.28,53.53,52.54,51.29
TSF-A,25/09/2020,52.85,0.89,0.84,56.04,52.28,53.41,52.57,51.29
TSF-A,02/10/2020,54.01,0.88,0.81,54.18,55.13,53.52,52.70,51.29
TSF-A,09/10/2020,54.93,0.88,0.86,53.80,57.30,53.78,52.92,51.32
TSF-A,16/10/2020,53.82,0.87,0.78,54.69,53.92,53.78,53.00,51.34
TSF-A,22/10/2020,53.71,0.84,0.70,54.45,53.59,53.77,53.07,51.31
TSF-A,30/10/2020,52.81,0.81,0.55,53.94,50.83,53.59,53.04,51.28
TSF-A,06/11/2020,55.09,0.78,0.63,54.50,56.87,53.87,53.24,51.29
TSF-A,13/11/2020,58.90,0.81,1.00,56.57,64.63,54.78,53.78,51.39
TSF-A,20/11/2020,60.93,0.89,1.44,60.61,67.95,55.90,54.46,51.54
TSF-A,27/11/2020,63.03,1.02,1.92,65.46,70.95,57.20,55.28,51.72
TSF-A,04/12/2020,63.84,1.18,2.31,71.48,72.03,58.40,56.09,51.92
TSF-A,09/12/2020,64.43,1.36,2.61,75.66,72.81,59.50,56.89,52.13
TSF-A,18/12/2020,65.11,1.55,2.85,77.85,73.74,60.52,57.67,52.35
TSF-A,25/12/2020,64.84,1.72,2.95,78.84,72.69,61.31,58.35,52.58
TSF-A,30/12/2020,63.91,1.87,2.90,77.89,69.07,61.78,58.88,52.75
TSF-A,08/01/2021,67.86,2.03,3.15,78.18,74.77,62.88,59.74,53.00
TSF-A,15/01/2021,67.80,2.18,3.27,78.21,74.55,63.78,60.50,53.29
TSF-A,22/01/2021,68.74,2.34,3.39,78.33,75.77,64.68,61.29,53.57
TSF-A,29/01/2021,68.27,2.47,3.38,78.17,73.88,65.33,61.95,53.84
TSF-A,05/02/2021,70.89,2.60,3.54,80.12,77.27,66.35,62.81,54.19
TSF-A,11/02/2021,73.33,2.75,3.81,81.17,79.87,67.62,63.81,54.71
TSF-A,19/02/2021,73.01,2.90,3.91,81.89,78.58,68.60,64.68,55.18
TSF-A,25/02/2021,73.28,3.03,3.94,82.37,78.89,69.45,65.50,55.85
TSF-A,05/03/2021,76.87,3.18,4.21,84.30,82.42,70.80,66.59,56.58
TSF-A,12/03/2021,78.13,3.33,4.45,85.58,83.47,72.13,67.68,57.42
TSF-A,19/03/2021,77.64,3.48,4.50,85.63,81.46,73.13,68.63,58.20
TSF-A,26/03/2021,77.80,3.60,4.47,86.13,81.62,73.98,69.51,58.90
TSF-A,02/04/2021,77.91,3.70,4.39,86.58,81.73,74.70,70.31,59.59
TSF-A,09/04/2021,77.20,3.76,4.19,85.09,78.41,75.15,70.96,60.23
TSF-A,16/04/2021,76.97,3.79,3.95,83.02,77.31,75.48,71.54,60.82
TSF-A,23/04/2021,76.49,3.77,3.66,80.78,74.97,75.66,72.01,61.43
TSF-A,30/04/2021,79.01,3.75,3.60,79.69,78.60,76.27,72.67,62.06
TSF-A,07/05/2021,78.74,3.71,3.47,78.14,77.30,76.72,73.25,62.64
TSF-A,14/05/2021,77.17,3.65,3.18,75.44,70.18,76.80,73.62,63.18
TSF-A,21/05/2021,77.89,3.56,2.97,73.59,71.48,77.00,74.03,63.64
TSF-A,28/05/2021,79.30,3.48,2.89,73.34,73.86,77.42,74.53,64.16
TSF-A,04/06/2021,79.34,3.39,2.78,71.94,73.92,77.77,74.99,64.69
TSF-A,11/06/2021,79.05,3.29,2.62,70.49,72.49,78.00,75.38,65.25
TSF-A,18/06/2021,78.10,3.18,2.38,69.84,67.89,78.02,75.64,65.74
TSF-A,25/06/2021,76.85,3.04,2.05,67.04,62.31,77.81,75.75,66.20
TSF-A,02/07/2021,77.65,2.89,1.84,64.20,64.32,77.78,75.93,66.66
TSF-A,09/07/2021,77.91,2.74,1.68,61.60,64.97,77.80,76.12,67.14
TSF-A,16/07/2021,80.82,2.62,1.78,61.64,71.25,78.35,76.57,67.68
TSF-A,23/07/2021,79.50,2.51,1.71,61.45,65.57,78.56,76.85,68.19
TSF-A,30/07/2021,78.20,2.38,1.52,61.49,60.45,78.49,76.98,68.68
TSF-A,06/08/2021,79.13,2.26,1.43,61.51,62.68,78.61,77.18,69.18
TSF-A,13/08/2021,78.54,2.14,1.29,60.61,60.35,78.60,77.31,69.64
TSF-A,20/08/2021,81.13,2.05,1.38,59.45,66.22,79.06,77.67,70.17
TSF-A,27/08/2021,81.54,1.97,1.47,60.26,67.05,79.51,78.04,70.76
TSF-A,03/09/2021,83.19,1.93,1.65,63.47,70.20,80.18,78.53,71.35
TSF-A,10/09/2021,83.49,1.91,1.77,66.08,70.73,80.78,79.00,71.96
TSF-A,17/09/2021,84.31,1.91,1.91,69.79,72.22,81.42,79.51,72.57
TSF-A,23/09/2021,85.08,1.93,2.05,71.98,73.58,82.09,80.04,73.17
TSF-A,01/10/2021,83.68,1.94,1.99,71.90,67.20,82.38,80.39,73.77
TSF-A,08/10/2021,85.57,1.95,2.08,71.99,70.85,82.96,80.88,74.41
TSF-A,15/10/2021,84.27,1.96,1.99,70.33,65.48,83.19,81.20,75.03
TSF-A,21/10/2021,84.38,1.95,1.90,68.31,65.71,83.41,81.51,75.62
TSF-A,29/10/2021,83.30,1.92,1.71,64.60,61.34,83.39,81.68,76.11
TSF-A,05/11/2021,83.86,1.88,1.59,63.36,62.71,83.48,81.88,76.57
TSF-A,12/11/2021,84.31,1.83,1.51,61.38,63.83,83.63,82.11,76.99
TSF-A,19/11/2021,83.97,1.78,1.40,60.53,62.34,83.69,82.29,77.39
TSF-A,26/11/2021,81.72,1.69,1.09,57.01,53.36,83.33,82.24,77.74
TSF-A,03/12/2021,80.50,1.58,0.75,53.71,49.27,82.82,82.07,78.05
TSF-A,09/12/2021,81.66,1.45,0.57,51.23,52.96,82.61,82.03,78.38
TSF-A,17/12/2021,83.79,1.35,0.62,50.29,58.83,82.82,82.20,78.78
TSF-A,24/12/2021,84.21,1.26,0.68,50.15,59.90,83.07,82.39,79.11
TSF-A,30/12/2021,85.67,1.21,0.84,53.68,63.41,83.54,82.70,79.47
TSF-A,07/01/2022,85.36,1.17,0.92,57.91,62.21,83.88,82.96,79.80
TSF-A,14/01/2022,86.01,1.15,1.02,61.35,63.80,84.26,83.25,80.15
TSF-A,21/01/2022,83.49,1.12,0.85,60.04,54.28,84.12,83.27,80.41
TSF-A,28/01/2022,83.72,1.07,0.74,58.62,54.95,84.05,83.31,80.61
TSF-A,04/02/2022,84.34,1.02,0.69,56.72,56.73,84.10,83.41,80.84
TSF-A,11/02/2022,85.07,0.98,0.71,55.86,58.81,84.28,83.57,81.08
TSF-A,18/02/2022,85.68,0.96,0.76,55.06,60.51,84.53,83.77,81.25
TSF-A,25/02/2022,83.48,0.91,0.60,54.59,52.21,84.34,83.74,81.36
TSF-A,04/03/2022,82.62,0.85,0.39,53.13,49.39,84.03,83.64,81.46
TSF-A,11/03/2022,81.95,0.76,0.18,50.50,47.25,83.65,83.48,81.54
TSF-A,18/03/2022,83.23,0.68,0.12,48.62,51.53,83.57,83.45,81.65
TSF-A,25/03/2022,83.10,0.61,0.07,46.08,51.09,83.49,83.42,81.77
TSF-A,01/04/2022,83.94,0.54,0.10,46.95,53.90,83.57,83.47,81.91
TSF-A,08/04/2022,82.46,0.47,-0.00,47.03,48.61,83.37,83.37,82.03
TSF-A,12/04/2022,81.25,0.39,-0.19,46.63,44.79,82.98,83.17,82.07
TSF-A,22/04/2022,82.61,0.32,-0.20,46.38,49.60,82.92,83.12,82.15
TSF-A,29/04/2022,81.46,0.24,-0.31,45.22,45.96,82.65,82.96,82.23
TSF-A,06/05/2022,79.89,0.14,-0.52,41.95,41.55,82.15,82.67,82.27
TSF-A,13/05/2022,78.70,0.03,-0.77,39.47,38.54,81.52,82.29,82.26
TSF-A,20/05/2022,80.75,-0.07,-0.76,40.35,45.79,81.38,82.14,82.29
TSF-A,27/05/2022,81.16,-0.15,-0.71,40.06,47.14,81.34,82.05,82.33
TSF-A,02/06/2022,82.07,-0.20,-0.58,41.68,50.05,81.47,82.05,82.41
TSF-A,10/06/2022,81.60,-0.24,-0.51,44.04,48.56,81.49,82.01,82.51
TSF-A,17/06/2022,76.88,-0.32,-0.86,43.97,36.80,80.66,81.52,82.49
TSF-A,24/06/2022,77.00,-0.42,-1.10,41.73,37.21,79.99,81.09,82.47
TSF-A,01/07/2022,75.57,-0.54,-1.38,38.37,34.35,79.19,80.56,82.37
TSF-A,08/07/2022,73.85,-0.68,-1.71,33.38,31.22,78.22,79.92,82.25
TSF-A,15/07/2022,72.71,-0.85,-2.02,28.41,29.35,77.22,79.24,82.14
TSF-A,22/07/2022,74.57,-1.00,-2.06,28.71,36.08,76.73,78.79,82.05
TSF-A,27/07/2022,76.16,-1.11,-1.91,30.41,41.23,76.63,78.54,82.01
TSF-A,05/08/2022,77.48,-1.18,-1.66,33.94,45.15,76.78,78.44,81.93
TSF-A,11/08/2022,77.62,-1.21,-1.43,38.34,45.58,76.94,78.36,81.85
TSF-A,19/08/2022,79.50,-1.19,-1.07,44.66,50.89,77.40,78.47,81.78
TSF-A,26/08/2022,82.73,-1.11,-0.51,50.84,58.38,78.37,78.88,81.77
TSF-A,02/09/2022,81.31,-0.99,-0.20,54.29,54.47,78.90,79.11,81.71
TSF-A,09/09/2022,83.76,-0.84,0.24,57.90,59.50,79.79,79.55,81.68
TSF-A,16/09/2022,82.16,-0.68,0.42,60.09,55.23,80.22,79.80,81.65
TSF-A,23/09/2022,81.59,-0.54,0.50,60.34,53.77,80.47,79.97,81.57
TSF-A,30/09/2022,78.86,-0.43,0.31,56.78,47.31,80.18,79.86,81.46
TSF-A,07/10/2022,79.61,-0.35,0.23,54.96,49.10,80.07,79.84,81.37
TSF-A,12/10/2022,78.91,-0.29,0.11,51.38,47.48,79.86,79.75,81.28
TSF-A,21/10/2022,80.86,-0.23,0.19,50.48,52.19,80.04,79.86,81.22
TSF-A,28/10/2022,80.90,-0.17,0.24,50.04,52.29,80.20,79.96,81.15
TSF-A,04/11/2022,82.24,-0.10,0.40,52.41,55.43,80.57,80.17,81.11
TSF-A,11/11/2022,82.56,-0.02,0.53,54.47,56.17,80.93,80.40,81.13
TSF-A,18/11/2022,81.24,0.04,0.51,55.76,52.34,80.99,80.48,81.15
TSF-A,25/11/2022,81.58,0.10,0.51,55.94,53.23,81.10,80.59,81.14
TSF-A,02/12/2022,83.50,0.17,0.67,57.50,57.95,81.53,80.86,81.14
TSF-A,09/12/2022,83.18,0.25,0.75,57.80,56.92,81.83,81.08,81.12
TSF-A,16/12/2022,83.37,0.32,0.81,58.04,57.40,82.11,81.30,81.07
TSF-A,23/12/2022,82.41,0.37,0.76,58.39,54.12,82.17,81.41,81.01
TSF-A,30/12/2022,84.53,0.44,0.89,60.13,59.55,82.60,81.70,80.98
