Ticker,Date/Time,Close,Signal10_20_15,MACD10_20,MA5_RSI10,RSI15
SET50,01/09/2017 10:00:00,1033.85,2.96,7.88,82.69,78.80
SET50,04/09/2017 09:00:00,1033.90,3.63,8.32,85.33,78.82
SET50,05/09/2017 09:00:00,1033.79,4.24,8.49,84.83,78.61
SET50,06/09/2017 09:00:00,1033.92,4.77,8.48,84.40,78.68
SET50,07/09/2017 09:00:00,1041.78,5.30,9.00,84.96,82.53
SET50,08/09/2017 09:00:00,1046.26,5.84,9.63,86.07,84.27
SET50,11/09/2017 09:00:00,1047.31,6.36,10.01,87.24,84.65
SET50,12/09/2017 09:00:00,1050.24,6.86,10.38,88.68,85.69
SET50,13/09/2017 09:00:00,1049.16,7.30,10.37,89.39,83.46
SET50,14/09/2017 10:00:00,1062.29,7.81,11.33,90.14,87.65
SET50,15/09/2017 09:00:00,1064.27,8.33,12.01,90.63,88.14
SET50,18/09/2017 09:00:00,1074.16,8.93,13.16,91.42,90.20
SET50,19/09/2017 09:00:00,1075.89,9.56,13.94,92.06,90.51
SET50,20/09/2017 09:00:00,1072.61,10.11,13.99,91.83,85.05
SET50,21/09/2017 09:00:00,1070.39,10.55,13.59,89.73,81.49
SET50,22/09/2017 09:00:00,1061.16,10.76,12.26,84.06,68.68
SET50,25/09/2017 09:00:00,1067.41,10.87,11.61,79.03,71.89
SET50,26/09/2017 09:00:00,1069.07,10.89,11.06,74.19,72.68
SET50,27/09/2017 09:00:00,1070.45,10.85,10.59,71.14,73.35
SET50,28/09/2017 09:00:00,1066.16,10.71,9.68,67.57,67.80
SET50,29/09/2017 09:00:00,1068.92,10.51,9.09,68.01,69.40
SET50,02/10/2017 09:00:00,1081.51,10.39,9.57,69.25,75.37
SET50,03/10/2017 09:00:00,1081.07,10.31,9.73,70.09,74.82
SET50,04/10/2017 09:00:00,1077.26,10.19,9.35,69.39,70.10
SET50,05/10/2017 09:00:00,1077.91,10.03,8.96,70.34,70.44
SET50,06/10/2017 09:00:00,1081.63,9.89,8.84,71.37,72.37
SET50,09/10/2017 09:00:00,1079.82,9.71,8.45,69.90,69.99
SET50,10/10/2017 09:00:00,1092.02,9.62,9.06,70.32,75.76
SET50,11/10/2017 09:00:00,1096.64,9.64,9.76,72.55,77.51
SET50,12/10/2017 09:00:00,1094.33,9.67,9.91,73.83,74.62
SET50,16/10/2017 09:00:00,1105.49,9.82,10.81,75.63,78.73
SET50,17/10/2017 09:00:00,1104.72,9.99,11.23,77.86,77.80
SET50,18/10/2017 09:00:00,1092.55,10.03,10.29,74.75,64.82
SET50,19/10/2017 09:00:00,1074.37,9.76,7.84,67.81,51.16
SET50,20/10/2017 09:00:00,1079.07,9.32,6.30,62.54,53.86
SET50,24/10/2017 09:00:00,1082.98,8.83,5.38,56.78,56.02
SET50,25/10/2017 09:00:00,1086.25,8.34,4.90,51.84,57.79
SET50,27/10/2017 09:00:00,1090.66,7.90,4.84,51.20,60.11
SET50,30/10/2017 09:00:00,1093.45,7.53,4.95,54.35,61.55
SET50,31/10/2017 09:00:00,1094.74,7.22,5.06,56.89,62.22
SET50,01/11/2017 09:00:00,1089.13,6.89,4.57,57.42,57.53
SET50,02/11/2017 09:00:00,1079.45,6.44,3.28,55.53,50.49
SET50,03/11/2017 09:00:00,1078.50,5.91,2.20,52.76,49.85
SET50,06/11/2017 09:00:00,1086.33,5.42,2.03,51.20,54.91
SET50,07/11/2017 09:00:00,1087.89,5.00,2.01,49.73,55.86
SET50,08/11/2017 09:00:00,1089.02,4.63,2.05,49.84,56.57
SET50,09/11/2017 09:00:00,1081.52,4.23,1.40,50.15,50.76
SET50,10/11/2017 09:00:00,1072.97,3.72,0.16,49.13,45.10
SET50,13/11/2017 09:00:00,1072.23,3.15,-0.83,46.35,44.64
SET50,14/11/2017 09:00:00,1083.79,2.69,-0.55,45.87,52.73
SET50,15/11/2017 09:00:00,1075.03,2.21,-1.09,43.62,47.14
SET50,16/11/2017 09:00:00,1076.63,1.77,-1.33,43.39,48.21
SET50,17/11/2017 09:00:00,1089.23,1.50,-0.40,46.93,55.80
SET50,20/11/2017 09:00:00,1090.86,1.37,0.44,50.84,56.68
SET50,21/11/2017 10:00:00,1089.93,1.32,0.98,51.94,56.00
SET50,22/11/2017 09:00:00,1092.94,1.36,1.62,55.10,57.76
SET50,23/11/2017 09:00:00,1090.30,1.42,1.83,57.27,55.67
SET50,24/11/2017 10:00:00,1083.70,1.41,1.39,55.68,50.74
SET50,27/11/2017 09:00:00,1084.57,1.38,1.11,54.03,51.35
SET50,28/11/2017 09:00:00,1091.06,1.38,1.45,53.98,55.72
SET50,29/11/2017 09:00:00,1091.68,1.43,1.73,53.52,56.12
SET50,30/11/2017 09:00:00,1085.86,1.42,1.40,52.24,51.41
SET50,01/12/2017 09:00:00,1089.24,1.42,1.43,53.25,53.82
SET50,04/12/2017 09:00:00,1090.40,1.44,1.52,54.32,54.65
SET50,06/12/2017 09:00:00,1090.79,1.46,1.60,54.11,54.94
SET50,07/12/2017 09:00:00,1098.08,1.56,2.26,55.38,60.07
SET50,08/12/2017 09:00:00,1100.68,1.73,2.94,58.63,61.73
SET50,12/12/2017 09:00:00,1101.36,1.94,3.44,61.23,62.17
SET50,13/12/2017 09:00:00,1104.15,2.20,4.00,64.09,64.00
SET50,14/12/2017 09:00:00,1111.49,2.55,4.98,68.03,68.31
SET50,15/12/2017 09:00:00,1113.30,2.95,5.78,70.60,69.29
SET50,18/12/2017 10:00:00,1117.82,3.42,6.66,73.25,71.62
SET50,19/12/2017 09:00:00,1122.30,3.94,7.58,76.26,73.73
SET50,20/12/2017 09:00:00,1126.23,4.50,8.47,79.11,75.45
SET50,21/12/2017 09:00:00,1124.57,5.05,8.84,80.03,73.28
SET50,22/12/2017 09:00:00,1128.48,5.58,9.30,81.13,75.09
SET50,25/12/2017 09:00:00,1135.70,6.14,10.11,82.33,78.03
SET50,26/12/2017 09:00:00,1136.20,6.70,10.57,83.07,78.23
SET50,27/12/2017 09:00:00,1136.92,7.21,10.79,83.50,78.51
SET50,28/12/2017 09:00:00,1129.30,7.57,10.11,81.25,68.27
SET50,29/12/2017 09:00:00,1135.14,7.87,9.94,79.49,71.34
SET50,03/01/2018 10:00:00,1156.28,8.32,11.47,79.07,79.16
SET50,04/01/2018 09:00:00,1167.29,8.95,13.35,79.21,81.92
SET50,05/01/2018 09:00:00,1167.18,9.64,14.51,79.25,81.80
SET50,08/01/2018 09:00:00,1163.72,10.29,14.81,81.65,78.08
SET50,09/01/2018 09:00:00,1165.86,10.87,14.97,83.28,78.72
SET50,10/01/2018 09:00:00,1164.68,11.36,14.72,82.50,77.39
SET50,11/01/2018 09:00:00,1170.56,11.79,14.79,81.64,79.27
SET50,12/01/2018 09:00:00,1175.81,12.19,15.04,81.20,80.79
SET50,15/01/2018 09:00:00,1188.44,12.68,16.06,82.60,83.86
SET50,16/01/2018 09:00:00,1187.02,13.14,16.42,83.35,82.28
SET50,17/01/2018 09:00:00,1189.89,13.58,16.64,84.69,82.97
SET50,18/01/2018 09:00:00,1182.70,13.87,15.90,83.14,75.07
SET50,19/01/2018 09:00:00,1183.60,14.03,15.15,81.30,75.38
SET50,22/01/2018 09:00:00,1185.78,14.09,14.52,78.97,76.16
SET50,23/01/2018 09:00:00,1192.74,14.13,14.41,77.82,78.49
SET50,24/01/2018 09:00:00,1195.60,14.16,14.32,76.77,79.38
SET50,25/01/2018 09:00:00,1181.56,13.99,12.80,73.98,65.22
SET50,26/01/2018 09:00:00,1189.45,13.75,12.13,72.20,68.59
SET50,29/01/2018 09:00:00,1195.46,13.53,11.94,70.88,70.90
SET50,30/01/2018 09:00:00,1186.17,13.19,10.80,66.76,63.21
SET50,31/01/2018 09:00:00,1186.16,12.76,9.76,62.37,63.21
SET50,01/02/2018 09:00:00,1191.83,12.33,9.31,62.94,65.80
SET50,02/02/2018 09:00:00,1188.12,11.85,8.50,61.54,62.70
SET50,05/02/2018 10:00:00,1175.46,11.20,6.65,56.98,53.48
SET50,06/02/2018 09:00:00,1161.67,10.30,3.98,52.65,45.65
SET50,07/02/2018 09:00:00,1159.01,9.22,1.70,48.02,44.31
SET50,08/02/2018 09:00:00,1156.96,8.05,-0.19,42.30,43.26
SET50,09/02/2018 09:00:00,1154.71,6.82,-1.79,37.18,42.09
SET50,12/02/2018 09:00:00,1163.81,5.70,-2.15,36.54,48.18
SET50,13/02/2018 09:00:00,1164.95,4.70,-2.28,38.00,48.90
SET50,14/02/2018 09:00:00,1160.09,3.77,-2.76,38.97,45.98
SET50,15/02/2018 09:00:00,1168.97,3.01,-2.30,42.03,51.63
SET50,16/02/2018 09:00:00,1171.83,2.42,-1.67,45.88,53.32
SET50,19/02/2018 09:00:00,1174.97,2.01,-0.90,48.26,55.16
SET50,20/02/2018 09:00:00,1169.10,1.65,-0.82,49.19,51.12
SET50,21/02/2018 09:00:00,1173.75,1.40,-0.35,51.81,53.98
SET50,22/02/2018 09:00:00,1171.45,1.20,-0.20,52.11,52.36
SET50,23/02/2018 09:00:00,1183.47,1.17,0.96,53.96,59.22
SET50,26/02/2018 09:00:00,1206.31,1.50,3.78,57.62,68.46
SET50,27/02/2018 09:00:00,1205.90,2.03,5.77,62.42,68.17
SET50,28/02/2018 09:00:00,1205.57,2.67,7.11,66.23,67.91
SET50,02/03/2018 09:00:00,1193.17,3.20,6.91,67.84,59.05
SET50,05/03/2018 09:00:00,1189.54,3.59,6.32,66.70,56.72
SET50,06/03/2018 09:00:00,1182.24,3.78,5.15,61.91,52.29
SET50,07/03/2018 09:00:00,1170.00,3.70,3.13,55.49,45.85
SET50,08/03/2018 09:00:00,1169.75,3.44,1.56,49.11,45.73
SET50,09/03/2018 09:00:00,1172.17,3.08,0.58,45.92,47.20
SET50,12/03/2018 09:00:00,1190.66,2.87,1.45,46.31,56.79
SET50,13/03/2018 09:00:00,1195.91,2.83,2.52,48.59,59.05
SET50,14/03/2018 10:00:00,1195.41,2.88,3.22,52.49,58.74
SET50,15/03/2018 09:00:00,1195.26,2.98,3.68,56.40,58.64
SET50,16/03/2018 09:00:00,1192.49,3.07,3.71,59.21,56.72
SET50,19/03/2018 09:00:00,1184.63,3.06,2.99,57.53,51.60
SET50,20/03/2018 09:00:00,1183.87,2.97,2.34,55.07,51.13
SET50,21/03/2018 09:00:00,1183.00,2.82,1.74,52.53,50.55
SET50,22/03/2018 09:00:00,1182.23,2.61,1.20,49.85,50.02
SET50,23/03/2018 09:00:00,1181.86,2.38,0.75,47.69,49.75
SET50,26/03/2018 09:00:00,1187.86,2.20,0.92,48.66,54.06
SET50,27/03/2018 09:00:00,1188.10,2.05,1.05,49.83,54.23
SET50,28/03/2018 09:00:00,1177.92,1.83,0.25,48.67,46.49
SET50,29/03/2018 09:00:00,1164.10,1.41,-1.54,45.53,38.50
SET50,30/03/2018 09:00:00,1171.79,0.96,-2.18,44.36,44.22
SET50,02/04/2018 09:00:00,1175.24,0.55,-2.31,42.42,46.60
SET50,03/04/2018 09:00:00,1165.17,0.08,-3.25,38.89,41.10
SET50,04/04/2018 09:00:00,1136.72,-0.73,-6.34,35.29,30.29
SET50,05/04/2018 09:00:00,1147.21,-1.59,-7.62,35.76,36.85
SET50,09/04/2018 09:00:00,1159.00,-2.32,-7.41,36.14,43.28
SET50,10/04/2018 09:00:00,1164.71,-2.85,-6.63,36.54,46.13
SET50,11/04/2018 09:00:00,1164.07,-3.25,-5.99,38.39,45.85
SET50,12/04/2018 09:00:00,1166.38,-3.49,-5.22,43.17,47.08
SET50,17/04/2018 09:00:00,1157.32,-3.72,-5.34,44.85,42.99
SET50,18/04/2018 09:00:00,1170.16,-3.79,-4.23,46.63,49.63
SET50,19/04/2018 09:00:00,1188.65,-3.53,-1.73,49.65,57.31
SET50,20/04/2018 09:00:00,1194.87,-3.00,0.69,53.29,59.53
SET50,23/04/2018 09:00:00,1185.35,-2.42,1.65,55.19,54.85
SET50,24/04/2018 09:00:00,1183.41,-1.85,2.15,58.00,53.92
SET50,25/04/2018 09:00:00,1176.61,-1.38,1.91,57.94,50.71
SET50,26/04/2018 09:00:00,1171.85,-1.05,1.28,55.22,48.54
SET50,27/04/2018 09:00:00,1177.59,-0.76,1.29,52.75,51.23
SET50,30/04/2018 09:00:00,1177.02,-0.51,1.22,51.60,50.95
SET50,02/05/2018 09:00:00,1186.26,-0.20,1.95,52.01,55.26
SET50,03/05/2018 09:00:00,1184.62,0.11,2.32,53.08,54.35
SET50,04/05/2018 09:00:00,1175.71,0.32,1.78,53.29,49.61
SET50,07/05/2018 09:00:00,1176.49,0.46,1.41,52.82,50.02
SET50,08/05/2018 09:00:00,1161.46,0.38,-0.18,50.31,42.83
SET50,09/05/2018 09:00:00,1159.19,0.14,-1.56,46.25,41.86
SET50,10/05/2018 09:00:00,1153.50,-0.26,-3.04,41.82,39.45
SET50,11/05/2018 09:00:00,1168.31,-0.58,-2.80,41.56,47.82
SET50,14/05/2018 09:00:00,1172.57,-0.78,-2.21,41.82,49.95
SET50,15/05/2018 09:00:00,1168.56,-0.94,-2.08,43.59,47.97
SET50,16/05/2018 09:00:00,1156.63,-1.20,-2.98,44.05,42.60
SET50,17/05/2018 09:00:00,1158.80,-1.48,-3.41,45.57,43.83
SET50,18/05/2018 09:00:00,1161.26,-1.72,-3.45,44.86,45.25
SET50,21/05/2018 10:00:00,1171.03,-1.83,-2.58,45.16,50.57
SET50,22/05/2018 09:00:00,1165.04,-1.90,-2.41,45.12,47.53
SET50,23/05/2018 09:00:00,1156.18,-2.04,-3.00,45.42,43.41
SET50,24/05/2018 09:00:00,1139.91,-2.39,-4.80,43.59,37.07
SET50,25/05/2018 09:00:00,1147.49,-2.76,-5.40,42.63,41.35
SET50,28/05/2018 09:00:00,1140.74,-3.21,-6.33,39.32,38.83
SET50,30/05/2018 09:00:00,1133.06,-3.75,-7.57,36.25,36.15
SET50,31/05/2018 09:00:00,1134.76,-4.31,-8.21,34.74,37.18
SET50,01/06/2018 09:00:00,1129.66,-4.89,-8.99,34.47,35.35
SET50,04/06/2018 09:00:00,1131.82,-5.43,-9.22,33.35,36.76
SET50,05/06/2018 09:00:00,1141.39,-5.81,-8.40,34.81,42.70
SET50,06/06/2018 09:00:00,1145.95,-5.99,-7.26,37.80,45.33
SET50,07/06/2018 09:00:00,1141.12,-6.08,-6.70,39.74,43.09
SET50,08/06/2018 09:00:00,1130.91,-6.20,-7.06,40.86,38.75
SET50,11/06/2018 09:00:00,1131.83,-6.31,-7.12,41.70,39.34
SET50,12/06/2018 09:00:00,1135.11,-6.37,-6.76,41.34,41.49
SET50,13/06/2018 09:00:00,1128.55,-6.44,-6.94,39.26,38.56
SET50,14/06/2018 09:00:00,1121.70,-6.58,-7.55,37.07,35.74
SET50,15/06/2018 09:00:00,1117.85,-6.78,-8.20,35.77,34.23
SET50,18/06/2018 09:00:00,1100.25,-7.19,-10.07,32.75,28.37
SET50,19/06/2018 09:00:00,1071.96,-8.01,-13.73,27.61,21.90
SET50,20/06/2018 09:00:00,1090.62,-8.83,-14.58,26.53,32.73
SET50,21/06/2018 09:00:00,1068.68,-9.83,-16.86,25.06,27.87
SET50,22/06/2018 09:00:00,1071.18,-10.86,-18.04,24.38,29.15
SET50,25/06/2018 09:00:00,1061.68,-11.93,-19.42,24.73,27.18
SET50,26/06/2018 09:00:00,1065.20,-12.91,-19.80,27.06,29.08
SET50,27/06/2018 09:00:00,1060.58,-13.82,-20.14,25.97,28.05
SET50,28/06/2018 09:00:00,1050.60,-14.70,-20.91,25.55,25.92
SET50,29/06/2018 10:00:00,1051.63,-15.49,-21.02,24.96,26.54
SET50,02/07/2018 10:00:00,1058.12,-16.08,-20.18,26.06,30.45
SET50,03/07/2018 09:00:00,1069.77,-16.35,-18.20,28.53,36.91
SET50,04/07/2018 09:00:00,1073.20,-16.32,-16.13,31.78,38.70
SET50,05/07/2018 09:00:00,1054.84,-16.27,-15.90,33.89,33.27
SET50,06/07/2018 09:00:00,1063.71,-16.07,-14.69,37.11,37.79
SET50,09/07/2018 09:00:00,1069.83,-15.69,-13.01,39.97,40.75
SET50,10/07/2018 09:00:00,1085.36,-15.00,-10.19,42.75,47.55
SET50,11/07/2018 09:00:00,1078.82,-14.19,-8.50,44.25,45.21
SET50,12/07/2018 09:00:00,1079.87,-13.29,-7.01,47.59,45.67
SET50,13/07/2018 09:00:00,1080.05,-12.35,-5.77,49.64,45.75
SET50,16/07/2018 09:00:00,1069.04,-11.52,-5.70,49.45,41.56
SET50,17/07/2018 09:00:00,1068.09,-10.78,-5.64,47.31,41.21
SET50,18/07/2018 09:00:00,1077.22,-10.02,-4.70,47.35,45.89
SET50,19/07/2018 09:00:00,1084.85,-9.18,-3.26,48.30,49.49
SET50,20/07/2018 09:00:00,1103.32,-8.10,-0.55,51.18,56.93
SET50,23/07/2018 09:00:00,1107.43,-6.86,1.83,55.83,58.39
SET50,24/07/2018 09:00:00,1105.93,-5.57,3.43,60.32,57.62
SET50,25/07/2018 09:00:00,1117.74,-4.18,5.58,64.44,61.84
SET50,26/07/2018 09:00:00,1126.25,-2.68,7.80,68.17,64.56
SET50,31/07/2018 09:00:00,1127.56,-1.17,9.43,70.03,64.97
SET50,01/08/2018 09:00:00,1143.46,0.46,11.85,72.55,69.57
SET50,02/08/2018 09:00:00,1132.47,1.96,12.49,73.27,63.40
SET50,03/08/2018 09:00:00,1133.78,3.32,12.85,73.04,63.81
SET50,06/08/2018 09:00:00,1122.94,4.40,11.96,70.31,58.05
SET50,07/08/2018 09:00:00,1131.25,5.33,11.82,68.31,60.95
SET50,08/08/2018 09:00:00,1141.69,6.22,12.41,66.20,64.27
SET50,09/08/2018 09:00:00,1141.63,7.02,12.62,66.15,64.23
SET50,10/08/2018 10:00:00,1128.62,7.57,11.44,63.76,57.27
SET50,14/08/2018 09:00:00,1122.32,7.85,9.82,62.33,54.23
SET50,15/08/2018 09:00:00,1107.78,7.77,7.19,58.27,47.92
SET50,16/08/2018 09:00:00,1110.87,7.47,5.39,53.74,49.26
SET50,17/08/2018 09:00:00,1116.46,7.09,4.45,50.00,51.68
SET50,20/08/2018 09:00:00,1125.61,6.76,4.46,49.65,55.40
SET50,21/08/2018 09:00:00,1120.66,6.41,3.97,49.50,53.03
SET50,22/08/2018 09:00:00,1124.34,6.09,3.85,51.64,54.58
SET50,23/08/2018 09:00:00,1129.73,5.85,4.17,54.05,56.81
SET50,24/08/2018 09:00:00,1128.03,5.64,4.18,55.37,55.89
SET50,27/08/2018 09:00:00,1137.79,5.56,4.96,56.78,59.92
SET50,28/08/2018 09:00:00,1139.30,5.56,5.59,59.09,60.51
SET50,29/08/2018 09:00:00,1142.30,5.64,6.21,61.28,61.73
SET50,30/08/2018 10:00:00,1138.12,5.71,6.21,61.82,59.02
SET50,31/08/2018 09:00:00,1138.80,5.77,6.15,62.76,59.33
SET50,03/09/2018 10:00:00,1137.68,5.79,5.91,62.18,58.54
SET50,04/09/2018 09:00:00,1131.26,5.70,5.07,59.88,54.14
SET50,05/09/2018 09:00:00,1111.30,5.31,2.63,54.02,43.30
SET50,06/09/2018 09:00:00,1116.61,4.81,1.24,50.16,46.37
SET50,07/09/2018 09:00:00,1112.49,4.18,-0.16,45.65,44.37
SET50,10/09/2018 09:00:00,1113.47,3.52,-1.12,41.64,44.98
SET50,11/09/2018 09:00:00,1096.63,2.67,-3.26,37.17,37.50
SET50,12/09/2018 09:00:00,1102.07,1.80,-4.32,37.07,40.90
SET50,13/09/2018 09:00:00,1133.44,1.29,-2.31,40.33,55.77
SET50,14/09/2018 09:00:00,1135.98,1.05,-0.57,44.41,56.71
SET50,17/09/2018 09:00:00,1131.92,0.97,0.38,47.68,54.71
SET50,18/09/2018 09:00:00,1151.59,1.20,2.78,54.81,61.72
SET50,19/09/2018 09:00:00,1155.35,1.65,4.83,61.09,62.90
SET50,20/09/2018 09:00:00,1157.31,2.25,6.44,63.09,63.52
SET50,21/09/2018 09:00:00,1159.54,2.93,7.71,65.03,64.26
SET50,24/09/2018 09:00:00,1154.60,3.58,8.09,66.62,61.33
SET50,25/09/2018 09:00:00,1156.18,4.18,8.37,66.50,61.92
SET50,26/09/2018 09:00:00,1155.61,4.70,8.38,65.95,61.55
SET50,27/09/2018 09:00:00,1158.54,5.18,8.50,65.61,62.77
SET50,28/09/2018 09:00:00,1158.75,5.59,8.45,65.11,62.86
SET50,01/10/2018 09:00:00,1161.24,5.95,8.49,65.90,63.97
SET50,02/10/2018 09:00:00,1150.93,6.14,7.48,63.93,56.50
SET50,03/10/2018 09:00:00,1147.75,6.16,6.33,61.41,54.40
SET50,04/10/2018 09:00:00,1138.05,5.96,4.52,56.74,48.50
SET50,05/10/2018 09:00:00,1131.13,5.53,2.51,51.02,44.80
SET50,08/10/2018 09:00:00,1115.02,4.78,-0.42,43.17,37.62
SET50,09/10/2018 09:00:00,1116.48,3.88,-2.45,38.24,38.58
SET50,10/10/2018 09:00:00,1134.73,3.10,-2.33,37.39,49.03
SET50,11/10/2018 09:00:00,1105.61,2.12,-4.73,35.45,37.98
SET50,12/10/2018 09:00:00,1114.62,1.15,-5.64,35.80,42.29
SET50,16/10/2018 09:00:00,1115.21,0.24,-6.16,38.01,42.57
SET50,17/10/2018 09:00:00,1113.98,-0.61,-6.55,39.76,42.12
SET50,18/10/2018 09:00:00,1105.93,-1.46,-7.42,37.32,39.17
SET50,19/10/2018 09:00:00,1096.19,-2.38,-8.78,36.90,35.91
SET50,22/10/2018 09:00:00,1093.15,-3.32,-9.90,34.97,34.94
SET50,24/10/2018 09:00:00,1067.15,-4.50,-12.81,31.33,28.00
SET50,25/10/2018 09:00:00,1083.50,-5.61,-13.32,30.34,36.50
SET50,26/10/2018 09:00:00,1070.25,-6.73,-14.62,29.27,33.11
SET50,29/10/2018,1077.41,-7.73,-14.71,30.04,36.52
SET50,30/10/2018,1078.15,-8.57,-14.45,31.16,36.88
SET50,31/10/2018,1102.49,-8.99,-11.91,36.86,47.32
SET50,01/11/2018,1099.63,-9.12,-10.06,39.75,46.36
SET50,02/11/2018,1109.70,-8.94,-7.65,44.54,50.19
SET50,05/11/2018,1102.09,-8.62,-6.40,47.49,47.44
SET50,06/11/2018,1101.89,-8.21,-5.37,50.32,47.37
SET50,07/11/2018,1108.12,-7.69,-3.98,50.95,49.94
SET50,08/11/2018,1112.57,-7.04,-2.50,52.38,51.74
SET50,09/11/2018,1102.77,-6.43,-2.20,51.44,47.69
SET50,12/11/2018,1094.78,-5.96,-2.64,50.40,44.64
SET50,13/11/2018,1099.57,-5.53,-2.50,50.05,46.82
SET50,14/11/2018,1094.08,-5.19,-2.83,48.28,44.66
SET50,15/11/2018,1086.32,-5.00,-3.70,45.09,41.73
SET50,16/11/2018,1084.54,-4.93,-4.43,43.03,41.07
SET50,19/11/2018,1087.15,-4.90,-4.67,42.41,42.50
SET50,20/11/2018,1071.83,-5.05,-6.09,39.42,36.87
SET50,21/11/2018,1074.39,-5.27,-6.82,37.61,38.33
SET50,22/11/2018,1065.48,-5.61,-8.01,35.82,35.29
SET50,23/11/2018,1077.93,-5.87,-7.68,36.46,42.17
SET50,26/11/2018,1084.72,-5.98,-6.71,37.65,45.56
SET50,27/11/2018,1086.51,-5.94,-5.72,40.80,46.44
SET50,28/11/2018,1090.57,-5.77,-4.54,44.07,48.48
SET50,29/11/2018,1087.85,-5.52,-3.82,47.78,47.19
SET50,30/11/2018,1091.55,-5.20,-2.90,49.87,49.16
SET50,03/12/2018,1117.86,-4.53,0.11,54.02,60.40
SET50,04/12/2018,1118.59,-3.67,2.40,57.96,60.66
SET50,06/12/2018,1103.85,-2.86,2.77,58.79,53.15
SET50,07/12/2018,1099.57,-2.18,2.63,59.45,51.18
SET50,11/12/2018,1086.83,-1.73,1.38,57.87,45.77
SET50,12/12/2018,1089.20,-1.44,0.63,53.54,46.89
SET50,13/12/2018,1074.20,-1.41,-1.23,47.48,41.13
SET50,14/12/2018,1071.65,-1.58,-2.81,43.67,40.23
SET50,17/12/2018,1068.52,-1.91,-4.20,40.16,39.10
SET50,18/12/2018,1055.76,-2.45,-6.26,37.14,34.84
SET50,19/12/2018,1068.47,-2.97,-6.57,35.92,41.63
SET50,20/12/2018,1066.22,-3.46,-6.89,36.13,40.82
SET50,21/12/2018,1067.01,-3.89,-6.94,36.72,41.25
SET50,24/12/2018,1064.26,-4.29,-7.09,37.30,40.17
SET50,25/12/2018,1040.06,-4.90,-9.17,36.82,32.19
SET50,26/12/2018,1040.71,-5.60,-10.50,34.32,32.58
SET50,27/12/2018,1033.81,-6.39,-11.90,31.54,30.60
SET50,28/12/2018,1044.92,-7.06,-11.77,30.74,37.18
SET50,02/01/2019,1046.71,-7.59,-11.31,30.58,38.19
SET50,03/01/2019,1041.49,-8.05,-11.23,32.07,36.36
SET50,04/01/2019,1054.29,-8.28,-9.87,35.63,43.47
SET50,07/01/2019,1066.99,-8.19,-7.59,41.39,49.47
SET50,08/01/2019,1067.20,-7.88,-5.75,45.08,49.57
SET50,09/01/2019,1064.82,-7.46,-4.50,48.07,48.46
SET50,10/01/2019,1063.19,-6.98,-3.63,51.34,47.68
SET50,11/01/2019,1069.42,-6.41,-2.39,53.39,50.92
SET50,14/01/2019,1058.27,-5.91,-2.39,51.91,45.52
SET50,15/01/2019,1054.01,-5.51,-2.72,49.80,43.63
SET50,16/01/2019,1055.89,-5.16,-2.76,48.42,44.71
SET50,17/01/2019,1057.92,-4.84,-2.56,47.70,45.92
SET50,18/01/2019,1060.95,-4.50,-2.11,46.59,47.74
SET50,21/01/2019,1064.57,-4.11,-1.42,48.01,49.91
SET50,22/01/2019,1073.73,-3.61,-0.10,51.53,54.96
SET50,23/01/2019,1082.61,-2.95,1.65,55.87,59.23
SET50,24/01/2019,1083.97,-2.20,3.04,59.97,59.86
SET50,25/01/2019,1086.11,-1.40,4.20,63.76,60.87
SET50,28/01/2019,1086.46,-0.60,5.01,66.90,61.04
SET50,29/01/2019,1086.30,0.16,5.52,68.48,60.91
SET50,30/01/2019,1091.05,0.92,6.20,69.59,63.41
SET50,31/01/2019,1096.50,1.69,7.08,71.22,66.07
SET50,01/02/2019,1102.22,2.49,8.10,73.19,68.64
SET50,04/02/2019,1102.57,3.27,8.74,75.15,68.80
SET50,05/02/2019,1102.66,4.00,9.08,77.17,68.84
SET50,06/02/2019,1105.74,4.68,9.43,78.85,70.32
SET50,07/02/2019,1102.30,5.25,9.23,78.32,66.54
SET50,08/02/2019,1101.55,5.70,8.86,76.85,65.71
SET50,11/02/2019,1091.82,5.93,7.59,71.84,56.05
SET50,12/02/2019,1093.16,6.02,6.64,67.15,56.98
SET50,13/02/2019,1103.01,6.10,6.67,64.13,63.15
SET50,14/02/2019,1100.41,6.13,6.35,61.81,60.69
SET50,15/02/2019,1089.39,6.00,5.05,57.02,51.57
SET50,18/02/2019,1088.97,5.74,3.96,55.64,51.25
SET50,20/02/2019,1095.88,5.49,3.69,55.50,55.99
SET50,21/02/2019,1096.79,5.24,3.50,53.53,56.58
SET50,22/02/2019,1105.88,5.10,4.09,54.07,62.07
SET50,25/02/2019,1114.72,5.11,5.22,58.64,66.48
SET50,26/02/2019,1108.46,5.15,5.42,61.63,61.09
SET50,27/02/2019,1109.88,5.21,5.60,63.26,61.84
SET50,28/02/2019,1099.30,5.15,4.72,62.26,53.57
SET50,01/03/2019,1091.76,4.92,3.34,58.21,48.61
SET50,04/03/2019,1087.22,4.54,1.86,52.23,45.87
SET50,05/03/2019,1089.38,4.08,0.92,48.41,47.38
SET50,06/03/2019,1078.65,3.48,-0.72,42.77,41.25
SET50,07/03/2019,1084.58,2.87,-1.41,40.91,45.43
SET50,08/03/2019,1082.08,2.25,-2.11,40.03,44.02
SET50,11/03/2019,1079.36,1.62,-2.83,39.45,42.47
SET50,12/03/2019,1079.46,1.00,-3.30,38.41,42.55
SET50,13/03/2019,1089.10,0.53,-2.76,41.29,49.71
SET50,14/03/2019,1087.12,0.15,-2.48,42.43,48.39
SET50,15/03/2019,1080.01,-0.22,-2.85,42.63,43.88
SET50,18/03/2019,1074.63,-0.64,-3.54,42.38,40.80
SET50,19/03/2019,1084.30,-0.95,-3.15,44.32,47.85
SET50,20/03/2019,1081.97,-1.21,-3.01,43.51,46.42
SET50,21/03/2019,1087.41,-1.35,-2.38,44.24,50.14
SET50,22/03/2019,1098.85,-1.30,-0.89,48.20,56.89
SET50,25/03/2019,1083.05,-1.28,-1.13,50.24,47.40
SET50,26/03/2019,1088.47,-1.22,-0.82,50.92,50.44
SET50,27/03/2019,1085.46,-1.17,-0.84,51.55,48.76
SET50,28/03/2019,1088.36,-1.10,-0.59,51.54,50.46
SET50,29/03/2019,1090.94,-0.98,-0.17,50.08,51.98
SET50,01/04/2019,1095.08,-0.80,0.50,52.10,54.38
SET50,02/04/2019,1100.22,-0.52,1.43,54.07,57.23
SET50,03/04/2019,1098.51,-0.21,1.95,56.12,55.98
SET50,04/04/2019,1094.76,0.06,1.98,56.79,53.26
SET50,05/04/2019,1096.13,0.32,2.08,57.28,54.13
SET50,09/04/2019,1105.37,0.64,2.92,58.68,59.59
SET50,10/04/2019,1108.81,1.04,3.79,59.78,61.42
SET50,11/04/2019,1105.48,1.42,4.08,60.36,58.67
SET50,12/04/2019,1105.42,1.77,4.22,61.80,58.61
SET50,17/04/2019,1112.52,2.15,4.86,64.18,62.71
SET50,18/04/2019,1114.04,2.56,5.39,65.16,63.54
SET50,19/04/2019,1113.14,2.94,5.60,65.33,62.65
SET50,22/04/2019,1113.03,3.28,5.66,66.38,62.54
SET50,23/04/2019,1111.33,3.55,5.45,66.78,60.72
SET50,24/04/2019,1113.76,3.78,5.42,66.52,62.40
SET50,25/04/2019,1112.93,3.96,5.23,65.66,61.43
SET50,26/04/2019,1107.88,4.04,4.56,63.10,55.83
SET50,29/04/2019,1106.62,4.02,3.87,60.13,54.50
SET50,30/04/2019,1112.39,3.99,3.80,59.51,59.26
SET50,02/05/2019,1116.30,3.99,4.02,59.27,62.13
SET50,03/05/2019,1116.18,4.01,4.10,59.34,61.99
SET50,07/05/2019,1108.83,3.94,3.45,58.69,53.81
SET50,08/05/2019,1098.65,3.70,2.03,55.98,45.00
SET50,09/05/2019,1092.97,3.29,0.45,50.57,40.99
SET50,10/05/2019,1095.38,2.82,-0.52,45.02,43.29
SET50,13/05/2019,1090.33,2.26,-1.66,38.63,39.81
SET50,14/05/2019,1086.59,1.62,-2.80,34.39,37.42
SET50,15/05/2019,1078.60,0.89,-4.29,31.62,32.90
SET50,16/05/2019,1073.25,0.05,-5.78,29.29,30.28
SET50,17/05/2019,1068.45,-0.85,-7.20,25.72,28.12
SET50,21/05/2019,1071.60,-1.73,-7.85,24.19,31.55
SET50,22/05/2019,1083.04,-2.42,-7.21,26.55,42.26
SET50,23/05/2019,1070.49,-3.08,-7.70,28.19,35.69
SET50,24/05/2019,1072.13,-3.66,-7.78,30.81,37.06
SET50,27/05/2019,1078.98,-4.10,-7.12,35.46,42.54
SET50,28/05/2019,1084.58,-4.34,-6.02,40.13,46.60
SET50,29/05/2019,1074.89,-4.54,-5.94,39.93,41.20
SET50,30/05/2019,1076.85,-4.67,-5.60,41.91,42.64
SET50,31/05/2019,1074.87,-4.76,-5.43,43.17,41.54
SET50,04/06/2019,1088.03,-4.68,-4.07,45.40,50.63
SET50,05/06/2019,1095.47,-4.39,-2.35,47.60,54.88
SET50,06/06/2019,1097.14,-3.95,-0.89,51.60,55.79
SET50,07/06/2019,1095.52,-3.45,0.06,54.81,54.64
SET50,10/06/2019,1103.29,-2.84,1.44,59.49,58.99
SET50,11/06/2019,1108.53,-2.12,2.89,62.29,61.65
SET50,12/06/2019,1108.20,-1.37,3.89,63.89,61.38
SET50,13/06/2019,1109.23,-0.62,4.65,65.39,61.93
SET50,14/06/2019,1107.36,0.08,4.96,66.68,60.25
SET50,17/06/2019,1103.64,0.67,4.79,65.69,56.96
SET50,18/06/2019,1117.49,1.31,5.78,66.16,64.67
SET50,19/06/2019,1135.23,2.14,7.95,68.34,71.64
SET50,20/06/2019,1144.64,3.15,10.23,70.98,74.50
SET50,21/06/2019,1142.46,4.20,11.55,73.65,72.68
SET50,24/06/2019,1141.98,5.21,12.29,77.32,72.27
SET50,25/06/2019,1145.73,6.18,12.95,79.15,73.53
SET50,26/06/2019,1145.17,7.05,13.16,79.18,73.00
SET50,27/06/2019,1152.36,7.89,13.72,79.20,75.45
SET50,28/06/2019,1150.85,8.62,13.76,79.27,73.94
SET50,01/07/2019,1159.79,9.33,14.33,80.19,76.88
SET50,02/07/2019,1152.63,9.90,13.88,78.65,70.10
SET50,03/07/2019,1154.77,10.35,13.49,77.52,70.92
SET50,04/07/2019,1144.08,10.56,12.04,73.06,61.82
SET50,05/07/2019,1148.28,10.63,11.13,69.73,63.78
SET50,08/07/2019,1145.56,10.56,10.02,65.05,61.59
SET50,09/07/2019,1136.68,10.27,8.26,60.65,54.99
SET50,10/07/2019,1151.09,9.99,8.06,58.25,62.06
SET50,11/07/2019,1150.20,9.71,7.70,58.40,61.42
SET50,12/07/2019,1143.08,9.33,6.68,56.53,56.44
SET50,15/07/2019,1142.60,8.88,5.77,55.21,56.12
SET50,17/07/2019,1138.76,8.36,4.66,54.99,53.45
SET50,18/07/2019,1140.37,7.80,3.90,52.89,54.42
SET50,19/07/2019,1147.90,7.31,3.92,52.39,58.74
SET50,22/07/2019,1140.67,6.80,3.24,51.78,53.52
SET50,23/07/2019,1139.56,6.28,2.59,51.03,52.75
SET50,24/07/2019,1138.31,5.74,1.95,50.78,51.85
SET50,25/07/2019,1141.45,5.23,1.72,50.93,53.97
SET50,26/07/2019,1131.41,4.66,0.65,47.60,46.90
SET50,30/07/2019,1126.43,4.00,-0.59,45.00,43.85
SET50,31/07/2019,1130.92,3.37,-1.11,43.77,47.17
SET50,01/08/2019,1124.54,2.69,-2.02,41.73,43.28
SET50,02/08/2019,1113.17,1.90,-3.65,37.48,37.39
SET50,05/08/2019,1098.46,0.90,-6.06,33.95,31.45
SET50,06/08/2019,1102.31,-0.14,-7.41,32.15,34.37
SET50,07/08/2019,1100.80,-1.17,-8.41,29.08,33.77
SET50,08/08/2019,1096.27,-2.20,-9.40,26.63,31.96
SET50,09/08/2019,1087.14,-3.27,-10.76,24.91,28.65
SET50,13/08/2019,1065.58,-4.54,-13.45,23.32,22.70
SET50,14/08/2019,1065.92,-5.87,-15.17,20.87,22.97
SET50,15/08/2019,1056.32,-7.26,-17.02,18.15,20.77
SET50,16/08/2019,1075.84,-8.41,-16.40,19.88,34.44
SET50,19/08/2019,1079.75,-9.27,-15.32,23.01,36.78
SET50,20/08/2019,1070.23,-10.00,-15.08,26.48,33.64
SET50,21/08/2019,1080.46,-10.47,-13.76,31.52,39.57
SET50,22/08/2019,1077.88,-10.75,-12.76,36.70,38.64
SET50,23/08/2019,1088.69,-10.77,-10.87,39.50,44.51
SET50,26/08/2019,1071.74,-10.76,-10.74,39.84,38.35
SET50,27/08/2019,1065.29,-10.80,-11.02,40.47,36.30
SET50,28/08/2019,1066.21,-10.82,-10.96,39.59,36.81
SET50,29/08/2019,1083.32,-10.62,-9.25,41.45,45.59
SET50,30/08/2019,1096.47,-10.13,-6.68,43.13,51.18
SET50,02/09/2019,1095.04,-9.46,-4.78,46.43,50.58
SET50,03/09/2019,1085.80,-8.79,-4.10,49.12,46.75
SET50,04/09/2019,1099.93,-7.98,-2.30,53.23,52.62
SET50,05/09/2019,1108.91,-7.00,-0.14,55.73,55.93
SET50,06/09/2019,1109.20,-5.94,1.47,56.80,56.04
SET50,09/09/2019,1110.57,-4.85,2.77,58.20,56.57
SET50,10/09/2019,1107.41,-3.82,3.40,60.24,54.93
SET50,11/09/2019,1115.39,-2.78,4.50,61.60,58.20
SET50,12/09/2019,1103.91,-1.90,4.25,60.19,52.35
SET50,13/09/2019,1103.67,-1.17,3.96,58.72,52.23
SET50,16/09/2019,1106.03,-0.54,3.89,57.45,53.33
SET50,17/09/2019,1107.82,0.02,3.92,56.99,54.20
SET50,18/09/2019,1100.54,0.42,3.25,54.27,50.16
SET50,19/09/2019,1090.34,0.60,1.81,51.89,45.12
SET50,20/09/2019,1089.04,0.60,0.60,49.37,44.50
SET50,23/09/2019,1078.65,0.37,-1.20,45.17,39.88
SET50,24/09/2019,1084.56,0.08,-2.01,41.92,43.46
SET50,25/09/2019,1081.53,-0.29,-2.83,39.62,42.08
SET50,26/09/2019,1088.50,-0.60,-2.79,40.29,46.28
SET50,27/09/2019,1094.73,-0.80,-2.17,42.24,49.76
SET50,30/09/2019,1090.31,-0.95,-2.05,44.78,47.43
SET50,01/10/2019,1080.07,-1.19,-2.82,44.59,42.47
SET50,02/10/2019,1072.27,-1.54,-4.01,43.85,39.13
SET50,03/10/2019,1070.62,-1.97,-4.97,41.54,38.45
SET50,04/10/2019,1067.75,-2.45,-5.84,37.78,37.24
SET50,07/10/2019,1074.00,-2.88,-5.84,36.23,41.54
SET50,08/10/2019,1071.95,-3.26,-5.92,35.91,40.56
SET50,09/10/2019,1076.56,-3.53,-5.48,37.61,43.75
SET50,10/10/2019,1067.54,-3.82,-5.84,38.11,39.33
SET50,11/10/2019,1083.77,-3.92,-4.59,42.01,49.23
SET50,15/10/2019,1085.38,-3.86,-3.46,44.69,50.10
SET50,16/10/2019,1091.29,-3.63,-2.04,48.57,53.23
SET50,17/10/2019,1090.67,-3.31,-1.01,51.25,52.86
SET50,18/10/2019,1089.28,-2.94,-0.36,55.01,51.98
SET50,21/10/2019,1081.38,-2.64,-0.55,54.12,47.22
SET50,22/10/2019,1089.35,-2.31,0.01,54.45,51.98
SET50,24/10/2019,1083.43,-2.03,-0.09,52.75,48.50
SET50,25/10/2019,1066.34,-1.98,-1.64,48.75,40.18
SET50,28/10/2019,1070.68,-2.03,-2.38,45.87,42.85
SET50,29/10/2019,1066.48,-2.18,-3.26,44.05,40.95
SET50,30/10/2019,1075.91,-2.29,-3.03,42.51,46.63
SET50,31/10/2019,1073.26,-2.38,-3.04,41.70,45.32
SET50,01/11/2019,1068.71,-2.51,-3.39,42.65,43.09
SET50,04/11/2019,1092.58,-2.39,-1.52,46.31,55.41
SET50,05/11/2019,1096.79,-2.06,0.25,50.96,57.17
SET50,06/11/2019,1093.50,-1.64,1.28,53.30,55.34
SET50,07/11/2019,1106.15,-1.05,3.11,57.40,60.53
SET50,08/11/2019,1103.55,-0.39,4.18,61.70,59.02
SET50,11/11/2019,1092.69,0.15,3.97,60.65,53.10
SET50,12/11/2019,1095.68,0.63,4.00,59.52,54.44
SET50,13/11/2019,1088.37,0.97,3.32,57.82,50.63
SET50,14/11/2019,1085.44,1.16,2.50,54.31,49.15
SET50,15/11/2019,1081.78,1.21,1.54,50.73,47.31
SET50,18/11/2019,1085.81,1.20,1.15,49.69,49.54
SET50,19/11/2019,1084.27,1.14,0.71,47.99,48.70
SET50,20/11/2019,1075.77,0.95,-0.37,46.10,44.23
SET50,21/11/2019,1073.10,0.66,-1.39,44.26,42.90
SET50,22/11/2019,1077.51,0.36,-1.74,43.95,45.78
SET50,25/11/2019,1089.67,0.20,-0.92,45.13,52.80
SET50,26/11/2019,1083.70,0.07,-0.81,45.52,49.43
SET50,27/11/2019,1084.13,-0.02,-0.67,47.35,49.68
SET50,28/11/2019 12:00:00,1077.30,-0.16,-1.16,48.36,45.86
SET50,29/11/2019 09:00:00,1070.23,-0.40,-2.11,47.34,42.25
SET50,02/12/2019 09:00:00,1054.88,-0.87,-4.10,42.35,35.72
SET50,03/12/2019 09:00:00,1054.28,-1.45,-5.56,38.37,35.49
SET50,04/12/2019 09:00:00,1053.40,-2.10,-6.62,34.22,35.13
SET50,06/12/2019 09:00:00,1048.76,-2.80,-7.69,30.78,33.25
SET50,09/12/2019 09:00:00,1047.02,-3.51,-8.50,28.21,32.55
SET50,11/12/2019 09:00:00,1048.85,-4.17,-8.79,27.96,34.11
SET50,12/12/2019 09:00:00,1057.87,-4.66,-8.08,30.21,41.30
SET50,13/12/2019 09:00:00,1066.63,-4.91,-6.65,34.41,47.28
SET50,16/12/2019 09:00:00,1048.08,-5.18,-7.08,36.40,38.40
SET50,17/12/2019 09:00:00,1049.84,-5.42,-7.13,38.92,39.56
SET50,18/12/2019 09:00:00,1062.62,-5.49,-5.93,43.12,47.24
SET50,19/12/2019 09:00:00,1068.39,-5.36,-4.45,45.71,50.30
SET50,20/12/2019 09:00:00,1067.62,-5.10,-3.34,46.32,49.89
SET50,23/12/2019 09:00:00,1069.53,-4.75,-2.29,49.93,50.96
SET50,24/12/2019 09:00:00,1065.23,-4.39,-1.85,52.36,48.46
SET50,25/12/2019 09:00:00,1067.99,-4.00,-1.25,53.06,50.14
SET50,26/12/2019 09:00:00,1070.74,-3.57,-0.55,53.41,51.82
SET50,27/12/2019 09:00:00,1068.72,-3.14,-0.19,53.44,50.48
SET50,30/12/2019 09:00:00,1068.50,-2.74,0.05,53.10,50.33
SET50,02/01/2020 09:00:00,1081.00,-2.24,1.32,55.86,58.01
SET50,03/01/2020 09:00:00,1079.50,-1.69,2.10,57.71,56.88
SET50,06/01/2020 09:00:00,1063.83,-1.32,1.29,55.74,46.70
SET50,07/01/2020 09:00:00,1075.07,-0.95,1.64,56.14,53.14
SET50,08/01/2020 09:00:00,1057.19,-0.79,0.32,53.98,44.06
SET50,09/01/2020 09:00:00,1071.15,-0.63,0.54,51.52,51.06
SET50,10/01/2020 09:00:00,1071.03,-0.46,0.69,49.44,51.00
SET50,13/01/2020 09:00:00,1074.25,-0.27,1.07,51.12,52.57
SET50,14/01/2020 09:00:00,1074.04,-0.07,1.31,50.87,52.45
SET50,15/01/2020 09:00:00,1067.66,0.05,0.92,52.13,48.90
SET50,16/01/2020 09:00:00,1078.87,0.24,1.58,53.12,54.68
SET50,17/01/2020 09:00:00,1081.22,0.49,2.24,54.45,55.80
SET50,20/01/2020 09:00:00,1071.80,0.67,1.88,53.69,50.43
SET50,21/01/2020 09:00:00,1062.26,0.68,0.76,51.57,45.67
SET50,22/01/2020 09:00:00,1063.33,0.59,0.00,50.74,46.28
SET50,23/01/2020 09:00:00,1062.84,0.44,-0.60,48.13,46.02
SET50,24/01/2020 09:00:00,1059.82,0.23,-1.29,44.73,44.42
SET50,27/01/2020 09:00:00,1024.53,-0.41,-4.84,39.52,30.91
SET50,28/01/2020 09:00:00,1016.90,-1.36,-8.05,35.25,28.87
SET50,29/01/2020 09:00:00,1026.58,-2.37,-9.44,32.56,34.71
SET50,30/01/2020 09:00:00,1024.76,-3.38,-10.47,29.80,34.15
SET50,31/01/2020 09:00:00,1018.08,-4.41,-11.62,27.01,32.09
SET50,03/02/2020 09:00:00,1005.79,-5.53,-13.34,26.84,28.69
SET50,04/02/2020 09:00:00,1023.89,-6.44,-12.82,30.14,38.91
SET50,05/02/2020 09:00:00,1032.89,-7.06,-11.43,32.87,43.24
SET50,06/02/2020 09:00:00,1032.07,-7.46,-10.27,35.66,42.95
SET50,07/02/2020 09:00:00,1030.90,-7.70,-9.34,38.83,42.50
SET50,11/02/2020 09:00:00,1021.95,-7.89,-9.26,41.83,39.16
SET50,12/02/2020 09:00:00,1034.01,-7.91,-8.00,43.63,45.36
SET50,13/02/2020 09:00:00,1026.68,-7.86,-7.56,43.35,42.54
SET50,14/02/2020 09:00:00,1022.02,-7.82,-7.51,42.65,40.81
SET50,17/02/2020 09:00:00,1025.18,-7.73,-7.07,42.59,42.51
SET50,18/02/2020 09:00:00,1015.09,-7.70,-7.49,42.39,38.71
SET50,19/02/2020 09:00:00,1011.38,-7.73,-8.00,39.99,37.39
SET50,20/02/2020 09:00:00,999.99,-7.92,-9.22,37.38,33.63
SET50,21/02/2020 09:00:00,1003.51,-8.14,-9.66,35.98,35.77
SET50,24/02/2020 09:00:00,962.25,-8.79,-13.39,31.45,25.46
SET50,25/02/2020 09:00:00,967.92,-9.62,-15.43,28.96,28.49
SET50,26/02/2020 09:00:00,917.49,-11.05,-21.04,25.07,20.53
SET50,27/02/2020 09:00:00,938.77,-12.54,-22.98,24.65,29.45
SET50,28/02/2020 09:00:00,897.84,-14.42,-27.57,22.24,23.92
SET50,02/03/2020 09:00:00,897.96,-16.43,-30.48,22.45,23.96
SET50,03/03/2020 09:00:00,928.25,-18.06,-29.48,24.53,34.42
SET50,04/03/2020 09:00:00,928.25,-19.33,-28.23,28.39,34.42
SET50,05/03/2020 09:00:00,934.94,-20.19,-26.23,30.45,36.63
SET50,06/03/2020 09:00:00,914.22,-20.93,-26.10,32.77,32.94
SET50,09/03/2020 09:00:00,827.85,-22.44,-33.02,32.52,22.73
SET50,10/03/2020 09:00:00,839.52,-24.21,-36.57,30.37,26.05
SET50,11/03/2020 09:00:00,822.99,-26.18,-39.99,27.84,24.46
SET50,12/03/2020 09:00:00,726.73,-29.18,-50.17,23.17,17.70
SET50,13/03/2020 09:00:00,749.01,-32.39,-54.90,20.91,22.98
SET50,16/03/2020 09:00:00,689.47,-36.17,-62.61,20.37,19.41
SET50,17/03/2020 09:00:00,683.16,-40.12,-67.78,18.88,19.08
SET50,18/03/2020 09:00:00,693.14,-43.80,-69.57,18.41,21.38
SET50,19/03/2020 09:00:00,691.99,-47.05,-69.78,19.45,21.31
SET50,20/03/2020 09:00:00,756.11,-49.07,-63.19,22.78,34.93
SET50,23/03/2020 09:00:00,680.07,-50.91,-63.79,25.17,28.63
SET50,24/03/2020 09:00:00,691.15,-52.32,-62.18,28.14,30.59
SET50,25/03/2020 09:00:00,728.53,-52.86,-56.67,32.12,36.84
SET50,26/03/2020 09:00:00,737.58,-52.61,-50.82,36.48,38.28
SET50,27/03/2020 09:00:00,740.05,-51.71,-45.40,37.31,38.69
SET50,30/03/2020 09:00:00,729.91,-50.43,-41.48,39.57,37.59
SET50,31/03/2020 09:00:00,756.91,-48.57,-35.53,42.59,42.26
SET50,01/04/2020 09:00:00,740.46,-46.49,-31.93,43.36,40.30
SET50,02/04/2020 09:00:00,767.79,-43.97,-26.34,45.00,44.87
SET50,03/04/2020 09:00:00,766.67,-41.20,-21.85,46.48,44.71
SET50,07/04/2020 10:00:00,825.42,-37.68,-13.06,50.59,53.47
SET50,08/04/2020 09:00:00,815.05,-33.88,-7.22,52.89,51.92
SET50,09/04/2020 09:00:00,816.47,-29.97,-2.65,55.90,52.12
SET50,10/04/2020 09:00:00,829.00,-25.99,1.86,58.14,53.97
SET50,13/04/2020 09:00:00,833.16,-22.05,5.53,60.59,54.60
SET50,14/04/2020 09:00:00,845.32,-18.15,9.20,61.27,56.44
SET50,15/04/2020 09:00:00,828.38,-14.59,10.29,61.28,53.21
SET50,16/04/2020 09:00:00,801.61,-11.69,8.61,59.60,48.50
SET50,17/04/2020 09:00:00,833.49,-8.98,9.97,58.97,53.73
SET50,20/04/2020 09:00:00,855.45,-6.27,12.71,59.06,56.95
SET50,21/04/2020 09:00:00,842.65,-3.81,13.40,57.85,54.57
SET50,22/04/2020 09:00:00,848.81,-1.56,14.22,58.10,55.53
SET50,23/04/2020 09:00:00,854.09,0.52,15.04,60.22,56.37
SET50,24/04/2020 09:00:00,842.03,2.24,14.34,59.94,53.87
SET50,27/04/2020 10:00:00,848.40,3.73,14.12,59.11,55.00
SET50,28/04/2020 09:00:00,854.34,5.04,14.23,59.43,56.08
SET50,29/04/2020 09:00:00,857.63,6.21,14.35,59.67,56.69
SET50,30/04/2020 09:00:00,873.56,7.38,15.57,60.56,59.62
SET50,05/05/2020 09:00:00,856.57,8.30,14.74,60.75,55.34
SET50,07/05/2020 09:00:00,842.56,8.84,12.65,59.44,52.05
SET50,08/05/2020 09:00:00,848.27,9.16,11.38,58.21,53.26
SET50,11/05/2020 09:00:00,864.32,9.47,11.63,57.87,56.58
SET50,12/05/2020 09:00:00,872.60,9.82,12.33,57.15,58.22
SET50,13/05/2020 09:00:00,867.36,10.12,12.18,57.48,56.76
SET50,14/05/2020 09:00:00,856.11,10.22,10.89,57.86,53.68
SET50,15/05/2020 09:00:00,854.57,10.14,9.61,57.68,53.26
SET50,18/05/2020 09:00:00,858.94,9.98,8.87,56.80,54.36
SET50,19/05/2020 09:00:00,875.44,9.93,9.60,56.75,58.31
SET50,20/05/2020 09:00:00,883.08,10.02,10.64,57.78,60.03
SET50,21/05/2020 09:00:00,881.97,10.16,11.13,59.76,59.64
SET50,22/05/2020 09:00:00,867.81,10.15,10.07,60.12,54.87
SET50,25/05/2020 09:00:00,878.06,10.13,10.00,60.98,57.51
SET50,26/05/2020 09:00:00,888.53,10.20,10.68,61.34,60.06
SET50,27/05/2020 09:00:00,895.13,10.37,11.57,61.64,61.62
SET50,28/05/2020 09:00:00,888.84,10.51,11.48,61.21,59.26
SET50,29/05/2020 09:00:00,896.01,10.68,11.84,63.15,61.08
SET50,01/06/2020 09:00:00,901.45,10.89,12.37,64.61,62.45
SET50,02/06/2020 09:00:00,919.05,11.29,14.08,66.45,66.52
SET50,04/06/2020 09:00:00,946.71,12.06,17.49,69.10,71.69
SET50,05/06/2020 09:00:00,965.37,13.22,21.33,73.25,74.53
SET50,08/06/2020 09:00:00,965.12,14.54,23.78,76.77,74.42
SET50,09/06/2020 09:00:00,941.69,15.62,23.15,76.72,65.03
SET50,10/06/2020 09:00:00,950.03,16.54,23.01,75.95,66.63
SET50,11/06/2020 09:00:00,932.34,17.09,20.97,71.91,60.33
SET50,12/06/2020 09:00:00,920.52,17.22,18.08,66.12,56.51
SET50,15/06/2020 09:00:00,889.98,16.69,12.98,58.07,48.07
SET50,16/06/2020 09:00:00,909.52,15.94,10.67,54.69,52.89
SET50,17/06/2020 09:00:00,914.49,15.10,9.21,51.20,54.06
SET50,18/06/2020 09:00:00,910.63,14.16,7.63,49.36,52.97
SET50,19/06/2020 09:00:00,907.67,13.15,6.08,48.40,52.11
SET50,22/06/2020 09:00:00,893.92,11.96,3.63,48.62,48.21
SET50,23/06/2020 09:00:00,897.32,10.72,2.05,47.65,49.21
SET50,24/06/2020 09:00:00,880.20,9.30,-0.64,45.01,44.54
SET50,25/06/2020 09:00:00,874.96,7.76,-3.07,42.32,43.19
SET50,26/06/2020 09:00:00,878.61,6.22,-4.50,40.32,44.45
SET50,29/06/2020 09:00:00,878.64,4.76,-5.48,39.45,44.46
SET50,30/06/2020 09:00:00,885.15,3.47,-5.54,39.11,46.86
SET50,01/07/2020 09:00:00,892.30,2.43,-4.88,41.00,49.43
SET50,02/07/2020 09:00:00,912.22,1.80,-2.58,45.35,55.80
SET50,03/07/2020 09:00:00,908.49,1.43,-1.15,48.78,54.43
SET50,07/07/2020 09:00:00,907.90,1.24,-0.13,52.13,54.20
SET50,08/07/2020 09:00:00,898.45,1.06,-0.18,53.37,50.58
SET50,09/07/2020 09:00:00,899.93,0.92,-0.10,53.88,51.13
SET50,10/07/2020 09:00:00,885.71,0.64,-1.26,50.61,45.90
SET50,13/07/2020 09:00:00,878.65,0.23,-2.71,47.10,43.53
SET50,14/07/2020 09:00:00,879.13,-0.26,-3.70,43.75,43.74
SET50,15/07/2020 09:00:00,888.98,-0.67,-3.51,43.17,48.02
SET50,16/07/2020 10:00:00,883.16,-1.06,-3.81,41.69,45.82
SET50,17/07/2020 09:00:00,892.09,-1.33,-3.20,43.21,49.62
SET50,20/07/2020 09:00:00,890.04,-1.52,-2.87,45.16,48.78
SET50,21/07/2020 09:00:00,904.21,-1.50,-1.34,48.91,54.50
SET50,22/07/2020 09:00:00,889.48,-1.50,-1.47,49.12,48.47
SET50,23/07/2020 09:00:00,890.70,-1.49,-1.43,50.21,48.97
SET50,24/07/2020 09:00:00,875.50,-1.64,-2.69,48.26,43.35
SET50,29/07/2020 09:00:00,871.41,-1.93,-3.94,46.19,41.96
SET50,30/07/2020 09:00:00,854.12,-2.47,-6.28,40.81,36.63
SET50,31/07/2020 09:00:00,862.98,-3.06,-7.15,38.77,40.76
SET50,03/08/2020 09:00:00,852.67,-3.74,-8.55,35.72,37.70
SET50,04/08/2020 09:00:00,860.32,-4.37,-8.79,35.53,41.21
SET50,05/08/2020 09:00:00,865.49,-4.87,-8.36,36.48,43.51
SET50,06/08/2020 09:00:00,864.05,-5.26,-8.02,38.72,43.01
SET50,07/08/2020 09:00:00,856.88,-5.64,-8.25,38.83,40.51
SET50,10/08/2020 09:00:00,853.92,-6.00,-8.54,39.48,39.50
SET50,11/08/2020 09:00:00,866.77,-6.19,-7.49,41.06,45.81
SET50,13/08/2020 09:00:00,878.70,-6.11,-5.55,43.44,50.90
SET50,14/08/2020 09:00:00,863.69,-6.01,-5.32,44.15,45.18
SET50,17/08/2020 09:00:00,861.25,-5.92,-5.26,45.36,44.31
SET50,18/08/2020 09:00:00,867.86,-5.75,-4.56,47.79,47.25
SET50,19/08/2020 09:00:00,850.57,-5.71,-5.46,46.29,41.16
SET50,20/08/2020 09:00:00,840.28,-5.86,-6.92,42.38,38.03
SET50,21/08/2020 09:00:00,840.07,-6.12,-7.90,40.27,37.97
SET50,24/08/2020 09:00:00,852.29,-6.28,-7.43,40.27,43.78
SET50,25/08/2020 09:00:00,853.89,-6.35,-6.82,39.58,44.51
SET50,26/08/2020 09:00:00,856.64,-6.31,-6.01,41.15,45.81
SET50,27/08/2020 09:00:00,858.66,-6.16,-5.13,43.91,46.78
SET50,28/08/2020 09:00:00,855.29,-5.97,-4.68,46.19,45.32
SET50,31/08/2020 09:00:00,844.22,-5.88,-5.22,45.17,40.83
SET50,01/09/2020 09:00:00,841.66,-5.86,-5.76,43.62,39.86
SET50,02/09/2020 09:00:00,847.56,-5.82,-5.55,42.81,43.21
SET50,03/09/2020 09:00:00,844.60,-5.79,-5.55,41.27,41.95
SET50,08/09/2020 09:00:00,832.91,-5.87,-6.46,38.80,37.35
SET50,09/09/2020 09:00:00,831.54,-6.03,-7.15,37.64,36.84
SET50,10/09/2020 09:00:00,830.25,-6.24,-7.65,36.63,36.34
SET50,11/09/2020 09:00:00,823.64,-6.51,-8.45,33.74,33.83
SET50,14/09/2020 09:00:00,818.43,-6.87,-9.35,30.75,31.96
SET50,15/09/2020 09:00:00,827.38,-7.14,-9.08,31.38,38.24
SET50,16/09/2020 09:00:00,832.88,-7.28,-8.25,33.32,41.77
SET50,17/09/2020 09:00:00,825.66,-7.39,-8.12,34.40,38.66
SET50,18/09/2020 09:00:00,826.83,-7.44,-7.78,36.49,39.44
SET50,21/09/2020 09:00:00,815.81,-7.55,-8.34,37.69,34.94
SET50,22/09/2020 09:00:00,808.83,-7.76,-9.22,35.98,32.43
SET50,23/09/2020 09:00:00,802.30,-8.07,-10.28,32.53,30.25
SET50,24/09/2020 10:00:00,787.21,-8.59,-12.19,29.00,25.93
SET50,25/09/2020 09:00:00,786.03,-9.20,-13.50,25.15,25.63
SET50,28/09/2020 09:00:00,802.03,-9.66,-12.84,26.12,36.52
SET50,29/09/2020 09:00:00,796.43,-10.03,-12.62,27.24,34.62
SET50,30/09/2020 10:00:00,781.06,-10.47,-13.57,27.66,30.02
SET50,01/10/2020 09:00:00,788.02,-10.84,-13.44,30.42,34.26
SET50,02/10/2020 09:00:00,777.31,-11.24,-14.03,32.38,31.15
SET50,05/10/2020 09:00:00,781.81,-11.56,-13.84,31.71,33.85
SET50,06/10/2020 09:00:00,787.62,-11.74,-12.95,32.61,37.26
SET50,07/10/2020 09:00:00,797.43,-11.67,-11.22,36.33,42.60
SET50,08/10/2020 09:00:00,804.96,-11.35,-9.10,39.82,46.36
SET50,09/10/2020 09:00:00,800.79,-10.90,-7.73,43.61,44.63
SET50,12/10/2020 09:00:00,804.59,-10.32,-6.25,47.16,46.58
SET50,14/10/2020 09:00:00,794.81,-9.77,-5.90,48.34,42.45
SET50,15/10/2020 09:00:00,782.02,-9.37,-6.64,46.56,37.77
SET50,16/10/2020 09:00:00,776.50,-9.15,-7.55,43.21,35.93
SET50,19/10/2020 09:00:00,760.94,-9.18,-9.44,39.16,31.34
SET50,20/10/2020 09:00:00,760.71,-9.37,-10.70,34.55,31.27
SET50,21/10/2020 09:00:00,765.10,-9.58,-11.06,32.15,34.00
SET50,22/10/2020 09:00:00,762.68,-9.81,-11.35,30.96,33.22
SET50,26/10/2020 09:00:00,757.85,-10.05,-11.79,29.85,31.67
SET50,27/10/2020 09:00:00,758.72,-10.28,-11.83,30.21,32.28
SET50,28/10/2020 09:00:00,756.02,-10.48,-11.89,30.30,31.35
SET50,29/10/2020 09:00:00,751.14,-10.69,-12.15,29.04,29.69
SET50,30/10/2020 09:00:00,746.26,-10.92,-12.56,27.55,28.10
SET50,02/11/2020 09:00:00,750.87,-11.09,-12.24,27.80,31.80
SET50,03/11/2020 09:00:00,766.00,-11.01,-10.49,31.13,42.26
SET50,04/11/2020 09:00:00,765.09,-10.77,-9.08,34.59,41.85
SET50,05/11/2020 09:00:00,799.58,-10.04,-4.90,42.81,58.38
SET50,06/11/2020 09:00:00,798.05,-9.01,-1.85,51.24,57.60
SET50,09/11/2020 09:00:00,819.07,-7.60,2.26,59.92,64.56
SET50,10/11/2020 09:00:00,875.64,-5.38,10.16,67.44,75.94
SET50,11/11/2020 10:00:00,878.09,-2.71,16.04,75.16,76.30
SET50,12/11/2020 09:00:00,868.27,0.04,19.27,77.30,71.77
SET50,13/11/2020 09:00:00,875.40,2.78,21.94,79.95,73.02
SET50,16/11/2020 09:00:00,878.24,5.40,23.79,81.18,73.51
SET50,17/11/2020 09:00:00,876.66,7.80,24.60,80.04,72.71
SET50,18/11/2020 09:00:00,885.78,10.02,25.57,79.22,74.44
SET50,19/11/2020 09:00:00,889.70,12.04,26.18,79.89,75.16
SET50,20/11/2020 09:00:00,904.47,13.97,27.46,80.86,77.70
SET50,23/11/2020 09:00:00,927.63,15.97,29.94,82.36,80.97
SET50,24/11/2020 09:00:00,912.85,17.72,29.98,81.90,73.59
SET50,25/11/2020 09:00:00,924.42,19.32,30.49,81.53,75.47
SET50,26/11/2020 09:00:00,933.60,20.79,31.13,81.33,76.86
SET50,27/11/2020 09:00:00,933.14,22.07,31.03,80.51,76.63
SET50,30/11/2020 09:00:00,908.61,22.85,28.29,75.69,65.26
SET50,01/12/2020 09:00:00,919.58,23.33,26.72,73.78,67.57
SET50,02/12/2020 09:00:00,917.49,23.53,24.92,71.14,66.66
SET50,03/12/2020 09:00:00,931.10,23.63,24.33,69.01,69.51
SET50,04/12/2020 09:00:00,940.17,23.71,24.26,67.46,71.26
SET50,08/12/2020 09:00:00,955.75,23.89,25.14,70.02,74.00
SET50,09/12/2020 09:00:00,958.49,24.10,25.59,72.02,74.46
SET50,14/12/2020 09:00:00,947.82,24.16,24.55,72.71,69.35
SET50,15/12/2020 09:00:00,949.28,24.07,23.49,72.65,69.65
SET50,16/12/2020 09:00:00,950.90,23.87,22.44,72.18,70.01
SET50,17/12/2020 09:00:00,948.99,23.52,21.10,70.62,68.99
SET50,18/12/2020 09:00:00,947.28,23.03,19.60,68.61,68.03
SET50,21/12/2020 09:00:00,892.00,21.82,13.36,62.14,46.03
SET50,22/12/2020 09:00:00,906.00,20.31,9.73,57.01,50.38
SET50,23/12/2020 09:00:00,893.90,18.50,5.82,50.91,46.88
SET50,24/12/2020 09:00:00,910.01,16.72,4.22,46.67,51.67
SET50,25/12/2020 09:00:00,918.35,15.09,3.69,43.46,53.98
SET50,28/12/2020 09:00:00,905.64,13.47,2.13,45.25,50.08
SET50,29/12/2020 09:00:00,924.00,12.10,2.53,47.15,55.10
SET50,30/12/2020 10:00:00,910.45,10.79,1.60,48.80,51.04
SET50,04/01/2021 09:00:00,924.36,9.70,2.10,50.02,54.71
SET50,05/01/2021 09:00:00,953.99,9.11,4.99,52.41,61.32
SET50,06/01/2021 09:00:00,940.41,8.71,5.87,54.68,57.22
SET50,07/01/2021 10:00:00,955.39,8.58,7.72,56.29,60.35
SET50,08/01/2021 09:00:00,977.59,8.87,10.88,60.12,64.49
SET50,11/01/2021 09:00:00,974.91,9.36,12.79,62.58,63.63
SET50,12/01/2021 09:00:00,975.51,9.95,14.04,63.20,63.74
SET50,13/01/2021 09:00:00,980.75,10.60,15.17,65.28,64.79
SET50,14/01/2021 10:00:00,971.35,11.14,14.94,65.40,61.38
SET50,15/01/2021 09:00:00,957.86,11.42,13.34,63.01,56.79
SET50,18/01/2021 09:00:00,949.64,11.39,11.21,60.09,54.14
SET50,19/01/2021 09:00:00,958.16,11.24,10.18,57.88,56.40
SET50,20/01/2021 09:00:00,952.86,10.93,8.78,54.84,54.61
SET50,21/01/2021 09:00:00,951.58,10.50,7.48,52.72,54.16
SET50,22/01/2021 09:00:00,939.73,9.86,5.36,50.78,50.11
SET50,25/01/2021,942.00,9.11,3.90,49.90,50.87
SET50,26/01/2021,951.02,8.41,3.53,49.32,53.84
SET50,27/01/2021,936.76,7.61,1.96,47.76,48.83
SET50,28/01/2021,916.91,6.54,-0.95,44.70,42.89
SET50,29/01/2021,916.66,5.33,-3.12,42.84,42.82
SET50,01/02/2021,922.89,4.15,-4.12,41.57,45.22
SET50,02/02/2021,928.07,3.09,-4.35,39.94,47.19
SET50,03/02/2021,923.94,2.10,-4.80,39.41,45.78
SET50,04/02/2021,923.52,1.20,-5.09,40.47,45.64
SET50,05/02/2021,933.55,0.51,-4.34,43.05,49.80
SET50,08/02/2021,948.24,0.14,-2.44,46.54,55.19
SET50,09/02/2021,949.46,0.01,-0.89,49.46,55.61
SET50,10/02/2021,950.28,0.05,0.35,52.91,55.91
SET50,11/02/2021,942.63,0.12,0.59,55.15,52.37
SET50,15/02/2021,949.89,0.28,1.39,56.85,55.25
SET50,16/02/2021,950.00,0.49,1.97,56.80,55.29
SET50,17/02/2021,942.16,0.64,1.69,55.26,51.44
SET50,18/02/2021,938.08,0.70,1.09,52.97,49.52
SET50,19/02/2021,930.51,0.61,-0.02,50.83,46.09
SET50,22/02/2021,916.29,0.27,-2.07,46.09,40.45
SET50,23/02/2021,933.34,-0.02,-2.08,44.09,48.54
SET50,24/02/2021,926.74,-0.35,-2.63,42.67,45.95
SET50,25/02/2021,929.95,-0.64,-2.70,42.39,47.41
SET50,01/03/2021,932.94,-0.87,-2.46,43.66,48.79
SET50,02/03/2021,933.35,-1.03,-2.19,46.64,48.99
SET50,03/03/2021,964.34,-0.81,0.72,50.45,61.10
SET50,04/03/2021,953.61,-0.47,1.94,53.47,56.15
SET50,05/03/2021,958.33,-0.01,3.21,56.47,57.76
SET50,08/03/2021,958.16,0.50,4.09,58.98,57.68
SET50,09/03/2021,961.27,1.06,4.93,61.76,58.83
SET50,10/03/2021,975.73,1.76,6.72,62.30,63.71
SET50,11/03/2021,978.70,2.57,8.19,64.66,64.63
SET50,12/03/2021,973.16,3.33,8.66,65.50,61.50
SET50,15/03/2021,968.34,3.97,8.43,65.49,58.85
SET50,16/03/2021,965.26,4.45,7.86,64.58,57.16
SET50,17/03/2021,967.45,4.83,7.48,62.61,58.08
SET50,18/03/2021,966.15,5.10,6.96,60.13,57.30
SET50,19/03/2021,959.41,5.19,5.87,57.38,53.32
SET50,22/03/2021,959.48,5.17,4.97,55.53,53.36
SET50,23/03/2021,957.73,5.03,4.07,53.87,52.28
SET50,24/03/2021,961.59,4.86,3.66,52.72,54.46
SET50,25/03/2021,961.75,4.66,3.31,51.87,54.55
SET50,26/03/2021,963.66,4.48,3.16,52.80,55.70
SET50,29/03/2021,967.69,4.33,3.34,54.58,58.09
SET50,30/03/2021,972.70,4.27,3.85,57.67,60.90
SET50,31/03/2021,971.24,4.25,4.04,59.48,59.65
SET50,01/04/2021,975.66,4.28,4.49,62.08,62.17
SET50,02/04/2021,976.13,4.34,4.78,64.34,62.43
SET50,05/04/2021,964.71,4.29,3.93,62.23,52.74
SET50,07/04/2021,950.22,4.00,1.98,56.51,43.56
SET50,08/04/2021,950.04,3.56,0.48,51.25,43.46
SET50,09/04/2021,955.90,3.10,-0.13,46.65,47.68
SET50,12/04/2021,941.08,2.48,-1.86,39.80,39.65
SET50,16/04/2021,946.50,1.84,-2.64,37.66,43.39
SET50,19/04/2021,960.33,1.36,-1.97,40.71,51.58
SET50,20/04/2021,963.94,1.05,-1.13,44.33,53.46
SET50,21/04/2021,961.89,0.84,-0.67,46.07,52.22
SET50,22/04/2021,952.58,0.59,-1.12,48.44,46.94
SET50,23/04/2021,942.63,0.23,-2.30,48.24,42.07
SET50,26/04/2021,943.92,-0.18,-3.02,45.78,42.90
SET50,27/04/2021,943.34,-0.60,-3.55,42.70,42.61
SET50,28/04/2021,954.24,-0.89,-2.93,42.17,49.52
SET50,29/04/2021,964.55,-0.97,-1.54,44.78,55.00
SET50,30/04/2021,955.97,-1.00,-1.22,47.26,50.14
SET50,05/05/2021,929.63,-1.28,-3.24,46.41,38.85
SET50,06/05/2021,945.55,-1.54,-3.31,47.85,46.63
SET50,07/05/2021,955.80,-1.64,-2.41,48.26,50.94
SET50,10/05/2021,959.45,-1.61,-1.39,47.48,52.41
SET50,11/05/2021,956.97,-1.51,-0.82,47.86,51.29
SET50,12/05/2021,952.55,-1.42,-0.77,50.70,49.29
SET50,13/05/2021,938.33,-1.49,-1.95,49.70,43.44
SET50,14/05/2021,938.68,-1.65,-2.76,47.59,43.62
SET50,17/05/2021,938.99,-1.85,-3.29,45.14,43.78
SET50,18/05/2021,948.87,-1.97,-2.76,44.60,48.93
SET50,19/05/2021,943.47,-2.07,-2.79,43.89,46.44
SET50,20/05/2021,938.31,-2.21,-3.22,44.15,44.14
SET50,21/05/2021,937.53,-2.38,-3.54,44.24,43.79
SET50,24/05/2021,934.83,-2.58,-3.95,43.90,42.53
SET50,25/05/2021,948.06,-2.63,-3.04,44.36,50.05
SET50,27/05/2021,957.10,-2.50,-1.54,46.84,54.42
SET50,28/05/2021,956.19,-2.24,-0.47,49.84,53.91
SET50,31/05/2021,962.58,-1.85,0.88,53.81,56.93
SET50,01/06/2021,981.19,-1.19,3.47,60.06,64.25
SET50,02/06/2021,978.28,-0.40,5.08,63.33,62.48
SET50,04/06/2021,972.32,0.35,5.67,64.17,58.90
SET50,07/06/2021,972.97,1.07,6.06,65.25,59.17
SET50,08/06/2021,972.01,1.70,6.16,65.26,58.55
SET50,09/06/2021,982.05,2.37,7.00,64.61,62.88
SET50,10/06/2021,981.60,3.00,7.46,64.43,62.57
SET50,11/06/2021,990.78,3.69,8.47,66.43,66.25
SET50,14/06/2021,988.38,4.33,8.86,67.73,64.48
SET50,15/06/2021,979.39,4.82,8.22,67.16,58.21
SET50,16/06/2021,980.13,5.17,7.66,65.46,58.56
SET50,17/06/2021,973.93,5.35,6.58,62.53,54.41
SET50,18/06/2021,971.19,5.36,5.43,58.05,52.65
SET50,21/06/2021,962.99,5.16,3.78,52.71,47.68
SET50,22/06/2021,961.99,4.82,2.40,49.29,47.10
SET50,23/06/2021,959.00,4.35,1.08,45.24,45.33
SET50,24/06/2021,956.14,3.79,-0.16,42.05,43.66
SET50,25/06/2021,954.78,3.16,-1.20,39.18,42.85
SET50,28/06/2021,950.26,2.47,-2.34,37.06,40.20
SET50,29/06/2021,957.39,1.85,-2.52,37.19,45.86
SET50,30/06/2021,953.72,1.25,-2.93,37.15,43.58
SET50,01/07/2021,957.36,0.74,-2.87,38.58,46.41
SET50,02/07/2021,949.27,0.21,-3.47,38.77,41.46
SET50,05/07/2021,950.33,-0.29,-3.77,40.00,42.33
SET50,06/07/2021,956.78,-0.67,-3.36,40.86,47.38
SET50,07/07/2021,948.23,-1.06,-3.75,40.82,42.14
SET50,08/07/2021,929.76,-1.62,-5.56,37.53,33.54
SET50,09/07/2021,934.18,-2.22,-6.43,36.76,36.84
SET50,12/07/2021,932.24,-2.83,-7.13,35.46,36.00
SET50,13/07/2021,944.31,-3.29,-6.48,35.03,44.46
SET50,14/07/2021,940.68,-3.65,-6.20,35.66,42.64
SET50,15/07/2021,942.55,-3.91,-5.72,38.91,43.91
SET50,16/07/2021,942.35,-4.08,-5.28,41.09,43.80
SET50,19/07/2021,930.44,-4.31,-5.90,41.71,37.73
SET50,20/07/2021,920.40,-4.66,-7.13,38.63,33.54
SET50,21/07/2021,922.25,-5.05,-7.75,36.52,34.96
SET50,22/07/2021,929.30,-5.35,-7.47,35.67,40.21
SET50,23/07/2021,923.24,-5.64,-7.65,34.04,37.43
SET50,27/07/2021,917.72,-5.95,-8.13,33.54,35.06
SET50,29/07/2021,919.34,-6.23,-8.21,34.56,36.33
SET50,30/07/2021,910.61,-6.56,-8.88,34.09,32.65
SET50,02/08/2021,914.26,-6.86,-8.91,32.92,35.57
SET50,03/08/2021,922.36,-7.01,-8.07,34.40,41.59
SET50,04/08/2021,925.63,-7.01,-7.03,37.21,43.86
SET50,05/08/2021,911.53,-7.05,-7.36,37.59,37.19
SET50,06/08/2021,908.50,-7.14,-7.73,38.64,35.93
SET50,09/08/2021,921.51,-7.09,-6.75,41.29,44.56
SET50,10/08/2021,922.27,-6.94,-5.85,42.22,45.02
SET50,11/08/2021,917.24,-6.76,-5.51,41.70,42.50
SET50,13/08/2021,917.54,-6.55,-5.13,43.26,42.71
SET50,16/08/2021,922.42,-6.28,-4.35,46.19,46.06
SET50,17/08/2021,929.61,-5.88,-3.07,47.92,50.62
SET50,18/08/2021,933.97,-5.35,-1.69,50.21,53.19
SET50,19/08/2021,927.09,-4.84,-1.24,51.86,48.89
SET50,20/08/2021,932.27,-4.29,-0.43,54.33,52.02
SET50,23/08/2021,954.17,-3.49,2.07,58.45,62.44
SET50,24/08/2021,956.78,-2.54,4.11,61.50,63.45
SET50,25/08/2021,965.45,-1.44,6.30,64.57,66.66
SET50,26/08/2021,964.79,-0.29,7.76,68.93,66.18
SET50,27/08/2021,972.16,0.92,9.34,73.01,68.83
SET50,30/08/2021,987.31,2.26,11.66,75.39,73.41
SET50,31/08/2021,992.13,3.67,13.59,77.80,74.68
SET50,01/09/2021,988.20,5.02,14.45,78.50,71.69
SET50,02/09/2021,998.81,6.36,15.75,80.02,74.63
SET50,03/09/2021,1000.64,7.64,16.60,81.04,75.11
SET50,06/09/2021,997.45,8.77,16.66,80.26,72.56
SET50,07/09/2021,991.33,9.66,15.89,77.69,67.82
SET50,08/09/2021,992.35,10.34,15.13,76.21,68.19
SET50,09/09/2021,981.86,10.73,13.40,71.67,60.52
SET50,10/09/2021,985.29,10.91,12.19,67.52,62.02
SET50,13/09/2021,981.52,10.89,10.75,63.39,59.36
SET50,14/09/2021,974.58,10.64,8.90,59.42,54.74
SET50,15/09/2021,975.79,10.25,7.48,55.58,55.39
SET50,16/09/2021,978.53,9.78,6.54,54.64,56.89
SET50,17/09/2021,974.71,9.23,5.39,52.40,54.17
SET50,20/09/2021,960.58,8.48,3.23,48.58,45.55
SET50,21/09/2021,967.39,7.69,2.16,47.53,49.68
SET50,22/09/2021,969.44,6.92,1.51,46.66,50.89
SET50,23/09/2021,981.73,6.31,2.07,47.35,57.43
SET50,27/09/2021,976.02,5.77,1.95,47.81,53.86
SET50,28/09/2021,972.95,5.24,1.57,50.11,52.00
SET50,29/09/2021,971.85,4.73,1.16,50.80,51.31
SET50,30/09/2021,964.35,4.16,0.19,49.80,46.83
SET50,01/10/2021,964.99,3.58,-0.48,46.86,47.25
SET50,04/10/2021,971.22,3.08,-0.43,46.33,51.28
SET50,05/10/2021,978.86,2.73,0.28,47.76,55.72
SET50,06/10/2021,973.25,2.43,0.31,48.24,51.99
SET50,07/10/2021,982.10,2.26,1.10,51.51,56.87
SET50,08/10/2021,985.71,2.23,1.98,55.16,58.70
SET50,11/10/2021,982.45,2.24,2.31,56.72,56.38
SET50,12/10/2021,989.66,2.35,3.14,57.97,60.12
SET50,14/10/2021,987.28,2.49,3.49,59.80,58.35
SET50,15/10/2021,987.44,2.64,3.71,60.17,58.44
SET50,18/10/2021,991.07,2.83,4.12,60.63,60.47
SET50,19/10/2021,982.02,2.92,3.56,59.56,53.49
SET50,20/10/2021,985.86,2.98,3.43,58.14,55.81
SET50,21/10/2021,988.81,3.05,3.52,57.83,57.55
SET50,25/10/2021,982.81,3.05,3.01,56.06,53.00
SET50,26/10/2021,984.04,3.00,2.69,53.93,53.80
SET50,27/10/2021,977.32,2.85,1.82,52.56,48.91
SET50,28/10/2021,976.67,2.63,1.09,50.31,48.46
SET50,29/10/2021,974.67,2.35,0.36,47.07,47.01
SET50,01/11/2021,970.42,1.98,-0.56,44.40,44.02
SET50,02/11/2021,975.13,1.63,-0.82,42.87,47.95
SET50,03/11/2021,972.64,1.28,-1.22,42.27,46.12
SET50,04/11/2021,980.11,1.01,-0.84,43.80,52.02
SET50,05/11/2021,980.03,0.82,-0.55,45.75,51.95
SET50,08/11/2021,980.22,0.67,-0.32,48.62,52.10
SET50,09/11/2021,980.53,0.58,-0.11,50.17,52.37
SET50,10/11/2021,979.27,0.50,-0.06,51.85,51.14
SET50,11/11/2021,979.88,0.44,0.03,51.75,51.73
SET50,12/11/2021,979.59,0.39,0.07,51.55,51.41
SET50,15/11/2021,984.06,0.40,0.48,52.91,55.86
SET50,16/11/2021,986.51,0.48,0.99,54.93,58.11
SET50,17/11/2021,986.52,0.59,1.36,57.38,58.12
SET50,18/11/2021,989.18,0.74,1.83,60.43,60.63
SET50,19/11/2021,984.39,0.87,1.74,61.21,54.36
SET50,22/11/2021,989.18,1.01,2.05,61.88,58.91
SET50,23/11/2021,987.26,1.15,2.08,60.95,56.49
SET50,24/11/2021,989.19,1.28,2.24,60.61,58.33
SET50,25/11/2021,987.60,1.39,2.17,58.72,56.23
SET50,26/11/2021,961.93,1.20,-0.13,53.21,34.63
SET50,29/11/2021,948.28,0.68,-3.02,44.92,28.41
SET50,30/11/2021,935.08,-0.19,-6.25,36.64,23.96
SET50,01/12/2021,947.82,-1.09,-7.43,30.74,34.57
SET50,02/12/2021,947.84,-1.98,-8.17,25.58,34.58
SET50,03/12/2021,943.76,-2.85,-8.93,26.01,32.90
SET50,07/12/2021,957.96,-3.50,-8.11,30.59,43.23
SET50,08/12/2021,964.44,-3.92,-6.80,37.06,47.20
SET50,09/12/2021,962.24,-4.16,-5.90,40.23,46.03
SET50,13/12/2021,966.81,-4.24,-4.74,44.16,48.86
SET50,14/12/2021,971.13,-4.14,-3.42,49.20,51.43
SET50,15/12/2021,964.12,-3.99,-3.00,50.13,47.29
SET50,16/12/2021,980.51,-3.65,-1.21,52.36,56.14
SET50,17/12/2021,977.86,-3.20,-0.10,54.46,54.55
SET50,20/12/2021,959.26,-2.91,-0.88,53.07,44.99
SET50,21/12/2021,962.82,-2.69,-1.14,51.52,46.90
SET50,22/12/2021,965.38,-2.49,-1.09,51.60,48.28
SET50,23/12/2021,975.92,-2.19,-0.12,50.80,53.61
SET50,24/12/2021,975.13,-1.85,0.53,50.34,53.17
SET50,27/12/2021,975.51,-1.49,1.04,52.65,53.37
SET50,28/12/2021,982.48,-1.05,2.00,55.43,56.93
SET50,29/12/2021,989.30,-0.51,3.27,58.68,60.13
SET50,30/12/2021,990.75,0.08,4.27,60.64,60.79
SET50,04/01/2022,999.46,0.79,5.70,63.71,64.58
SET50,05/01/2022,1002.61,1.55,6.93,67.05,65.85
SET50,06/01/2022,983.71,2.12,6.08,65.51,53.45
SET50,07/01/2022,985.96,2.55,5.54,63.43,54.55
SET50,10/01/2022,985.79,2.86,5.03,61.14,54.44
SET50,11/01/2022,991.82,3.14,5.09,58.79,57.50
SET50,12/01/2022,998.37,3.45,5.62,57.01,60.59
SET50,13/01/2022,996.96,3.74,5.78,58.79,59.59
SET50,14/01/2022,993.89,3.96,5.54,59.53,57.39
SET50,17/01/2022,996.67,4.16,5.51,60.76,58.86
SET50,18/01/2022,987.60,4.21,4.60,59.05,52.51
SET50,19/01/2022,989.16,4.18,3.98,56.75,53.43
SET50,20/01/2022,990.44,4.11,3.57,55.04,54.22
SET50,21/01/2022,987.06,3.96,2.91,53.25,51.75
SET50,24/01/2022,985.15,3.74,2.21,50.57,50.36
SET50,25/01/2022,985.44,3.48,1.67,49.98,50.58
SET50,26/01/2022,992.13,3.27,1.82,50.77,55.37
SET50,27/01/2022,988.36,3.06,1.58,50.27,52.31
SET50,28/01/2022,990.46,2.87,1.56,51.09,53.83
SET50,31/01/2022,993.29,2.73,1.75,53.04,55.87
SET50,01/02/2022,998.15,2.68,2.29,55.97,59.18
SET50,02/02/2022,999.78,2.69,2.79,57.56,60.25
SET50,03/02/2022,1000.18,2.75,3.15,60.26,60.53
SET50,04/02/2022,1003.29,2.86,3.63,63.09,62.66
SET50,07/02/2022,1006.16,3.02,4.17,65.80,64.55
SET50,08/02/2022,1011.50,3.26,4.95,68.35,67.81
SET50,09/02/2022,1029.80,3.74,7.04,72.39,75.93
SET50,10/02/2022,1029.88,4.33,8.47,76.36,75.95
SET50,11/02/2022,1028.14,4.94,9.22,78.97,73.92
SET50,14/02/2022,1021.09,5.45,9.02,78.48,66.23
SET50,15/02/2022,1029.70,5.95,9.45,78.21,70.28
SET50,17/02/2022,1035.94,6.47,10.15,76.76,72.81
SET50,18/02/2022,1035.89,6.98,10.49,75.28,72.75
SET50,21/02/2022,1019.70,7.25,9.15,70.14,58.05
SET50,22/02/2022,1016.55,7.31,7.74,66.89,55.70
SET50,23/02/2022,1021.68,7.27,7.00,63.44,58.62
SET50,24/02/2022,1004.86,6.97,4.87,56.44,47.60
SET50,25/02/2022,1012.52,6.58,3.88,50.79,52.00
SET50,28/02/2022,1016.58,6.19,3.42,50.16,54.19
SET50,01/03/2022,1021.67,5.85,3.47,50.94,56.83
SET50,02/03/2022,1023.36,5.57,3.59,51.07,57.70
SET50,03/03/2022,1026.15,5.35,3.86,54.52,59.15
SET50,04/03/2022,1009.68,5.01,2.57,53.69,48.60
SET50,07/03/2022,983.58,4.29,-0.69,49.50,37.30
SET50,08/03/2022,982.97,3.36,-3.15,44.48,37.08
SET50,09/03/2022,994.96,2.46,-3.87,41.23,43.92
SET50,10/03/2022,998.41,1.65,-4.05,38.08,45.74
SET50,11/03/2022,1005.31,1.00,-3.50,38.90,49.26
SET50,14/03/2022,1008.36,0.53,-2.78,42.87,50.77
SET50,15/03/2022,998.72,0.08,-3.03,45.57,46.11
SET50,16/03/2022,1011.95,-0.18,-2.02,48.08,52.52
SET50,17/03/2022,1019.17,-0.23,-0.61,50.92,55.61
SET50,18/03/2022,1015.02,-0.19,0.09,52.10,53.47
SET50,21/03/2022,1010.88,-0.14,0.24,52.21,51.35
SET50,22/03/2022,1012.53,-0.06,0.50,53.89,52.16
SET50,23/03/2022,1008.61,-0.01,0.34,53.07,50.05
SET50,24/03/2022,1012.34,0.06,0.53,52.03,52.03
SET50,25/03/2022,1008.81,0.10,0.37,50.98,50.02
SET50,28/03/2022,1012.43,0.15,0.55,51.22,52.05
SET50,29/03/2022,1016.80,0.27,1.05,51.96,54.46
SET50,30/03/2022,1022.83,0.47,1.93,54.30,57.60
SET50,31/03/2022,1019.67,0.70,2.27,55.30,55.45
SET50,01/04/2022,1023.66,0.97,2.83,57.59,57.59
SET50,04/04/2022,1022.81,1.23,3.12,59.00,56.96
SET50,05/04/2022,1021.32,1.47,3.16,59.26,55.83
SET50,07/04/2022,1006.38,1.52,1.83,55.43,45.98
SET50,08/04/2022,1006.33,1.43,0.82,52.32,45.95
SET50,11/04/2022,1002.47,1.22,-0.29,47.88,43.66
SET50,12/04/2022,996.54,0.86,-1.61,42.73,40.36
SET50,18/04/2022,991.80,0.38,-2.97,37.34,37.91
SET50,19/04/2022,991.59,-0.16,-3.95,35.05,37.80
SET50,20/04/2022,993.94,-0.69,-4.40,33.55,39.87
SET50,21/04/2022,998.37,-1.13,-4.27,34.08,43.67
SET50,22/04/2022,995.80,-1.53,-4.32,35.02,42.02
SET50,25/04/2022,983.07,-2.02,-5.39,34.63,35.00
SET50,26/04/2022,981.16,-2.55,-6.25,34.03,34.09
SET50,27/04/2022,978.76,-3.10,-6.99,32.37,32.93
SET50,28/04/2022,983.54,-3.59,-7.00,30.92,37.47
SET50,29/04/2022,983.56,-4.00,-6.89,30.00,37.49
SET50,03/05/2022,979.01,-4.39,-7.08,30.30,34.91
SET50,05/05/2022,976.98,-4.75,-7.27,30.52,33.80
SET50,06/05/2022,966.79,-5.18,-8.17,29.74,28.85
SET50,09/05/2022,954.33,-5.75,-9.78,26.33,24.22
SET50,10/05/2022,965.49,-6.26,-9.83,26.08,34.34
SET50,11/05/2022,961.66,-6.73,-10.03,26.14,32.74
SET50,12/05/2022,950.31,-7.26,-10.98,25.41,28.50
SET50,13/05/2022,953.06,-7.76,-11.26,26.68,30.82
SET50,17/05/2022,970.51,-8.01,-9.76,32.53,43.35
SET50,18/05/2022,977.01,-8.00,-7.92,36.22,47.16
SET50,19/05/2022,966.84,-7.91,-7.30,38.94,42.38
SET50,20/05/2022,977.36,-7.65,-5.81,44.30,48.20
SET50,23/05/2022,986.94,-7.17,-3.77,50.15,52.86
SET50,24/05/2022,979.56,-6.62,-2.84,51.36,49.21
SET50,25/05/2022,977.46,-6.08,-2.28,51.26,48.19
SET50,26/05/2022,983.09,-5.49,-1.34,53.37,51.09
SET50,27/05/2022,987.08,-4.84,-0.27,54.48,53.08
SET50,30/05/2022,995.88,-4.07,1.28,55.49,57.20
SET50,31/05/2022,1002.24,-3.19,2.96,58.28,59.92
SET50,01/06/2022,1002.24,-2.27,4.16,61.37,59.92
SET50,02/06/2022,995.90,-1.44,4.42,62.33,55.85
SET50,06/06/2022,995.24,-0.70,4.48,62.61,55.43
SET50,07/06/2022,986.07,-0.15,3.65,60.02,49.86
SET50,08/06/2022,988.66,0.27,3.20,57.20,51.34
SET50,09/06/2022,993.15,0.63,3.20,55.16,53.87
SET50,10/06/2022,987.61,0.89,2.66,53.35,50.40
SET50,13/06/2022,968.75,0.85,0.59,48.92,40.82
SET50,14/06/2022,970.69,0.64,-0.79,46.67,42.04
SET50,15/06/2022,965.91,0.29,-2.21,43.36,39.88
SET50,16/06/2022,944.90,-0.38,-5.04,37.34,32.11
SET50,17/06/2022,945.05,-1.21,-7.04,32.47,32.21
SET50,20/06/2022,946.34,-2.10,-8.29,30.66,33.13
SET50,21/06/2022,954.71,-2.88,-8.34,30.31,38.87
SET50,22/06/2022,945.80,-3.64,-9.00,29.59,35.40
SET50,23/06/2022,943.42,-4.38,-9.55,30.57,34.52
SET50,24/06/2022,950.36,-4.98,-9.18,33.01,39.25
SET50,27/06/2022,958.71,-5.36,-8.03,36.71,44.42
SET50,28/06/2022,968.73,-5.46,-6.17,40.12,49.91
SET50,29/06/2022,963.08,-5.43,-5.18,43.60,47.10
SET50,30/06/2022,951.07,-5.42,-5.39,45.71,41.75
SET50,01/07/2022,955.99,-5.38,-5.03,47.13,44.52
SET50,04/07/2022,950.85,-5.34,-5.12,46.32,42.27
SET50,05/07/2022,943.49,-5.39,-5.74,43.07,39.23
SET50,06/07/2022,944.15,-5.47,-6.04,40.84,39.65
SET50,07/07/2022,954.85,-5.44,-5.23,42.18,46.07
SET50,08/07/2022,954.36,-5.34,-4.58,42.63,45.83
SET50,11/07/2022,955.75,-5.16,-3.90,44.01,46.68
SET50,12/07/2022,948.50,-5.01,-3.96,45.06,42.94
SET50,14/07/2022,942.57,-4.94,-4.45,45.11,40.13
SET50,15/07/2022,940.90,-4.93,-4.88,42.97,39.36
SET50,18/07/2022,947.96,-4.88,-4.50,42.49,44.25
SET50,19/07/2022,940.27,-4.87,-4.81,40.55,40.44
SET50,20/07/2022,941.96,-4.86,-4.80,40.22,41.62
SET50,21/07/2022,944.99,-4.81,-4.46,41.45,43.77
SET50,22/07/2022,950.20,-4.67,-3.67,44.03,47.33
SET50,25/07/2022,953.07,-4.43,-2.78,45.61,49.23
SET50,26/07/2022,950.42,-4.16,-2.30,47.79,47.54
SET50,27/07/2022,958.73,-3.79,-1.18,51.23,52.98
SET50,01/08/2022,965.53,-3.29,0.25,55.06,56.90
SET50,02/08/2022,965.65,-2.71,1.32,57.78,56.97
SET50,03/08/2022,967.19,-2.10,2.22,60.18,57.88
SET50,04/08/2022,967.29,-1.48,2.86,63.20,57.94
SET50,05/08/2022,969.41,-0.86,3.46,64.96,59.30
SET50,08/08/2022,979.06,-0.17,4.69,67.09,64.85
SET50,09/08/2022,982.23,0.58,5.78,69.59,66.46
SET50,10/08/2022,983.12,1.33,6.58,71.94,66.91
SET50,11/08/2022,985.62,2.07,7.26,74.58,68.21
SET50,15/08/2022,986.65,2.78,7.74,76.95,68.75
SET50,16/08/2022,986.68,3.42,7.95,77.88,68.77
SET50,17/08/2022,991.48,4.05,8.39,79.04,71.38
SET50,18/08/2022,989.00,4.59,8.36,78.82,68.22
SET50,19/08/2022,983.35,4.97,7.70,75.84,61.58
SET50,22/08/2022,976.20,5.16,6.46,70.37,54.40
SET50,23/08/2022,987.23,5.31,6.38,67.24,61.77
SET50,24/08/2022,988.14,5.44,6.30,63.65,62.31
SET50,25/08/2022,995.67,5.60,6.77,62.52,66.49
SET50,26/08/2022,995.69,5.78,7.01,63.85,66.50
SET50,29/08/2022,985.36,5.83,6.17,64.47,56.61
SET50,30/08/2022,994.59,5.88,6.24,64.37,62.02
SET50,31/08/2022,996.33,5.94,6.34,64.37,62.95
SET50,01/09/2022,984.55,5.86,5.28,60.45,53.43
SET50,02/09/2022,983.99,5.67,4.36,56.40,53.03
SET50,05/09/2022,982.59,5.39,3.48,55.14,51.96
SET50,06/09/2022,990.97,5.16,3.49,53.97,57.44
SET50,07/09/2022,989.33,4.92,3.30,52.14,56.10
SET50,08/09/2022,987.49,4.68,2.94,52.59,54.57
SET50,09/09/2022,993.48,4.48,3.14,54.39,58.51
SET50,12/09/2022,1001.19,4.41,3.90,57.80,62.96
SET50,13/09/2022,1001.73,4.42,4.45,59.56,63.25
SET50,14/09/2022,996.41,4.40,4.31,60.18,58.34
SET50,15/09/2022,989.04,4.29,3.50,59.49,52.32
SET50,16/09/2022,981.42,4.03,2.18,56.07,46.95
SET50,19/09/2022,981.37,3.67,1.16,51.35,46.91
SET50,20/09/2022,985.66,3.30,0.75,47.64,50.21
SET50,21/09/2022,983.43,2.92,0.25,44.99,48.53
SET50,22/09/2022,989.15,2.60,0.36,45.53,52.87
SET50,23/09/2022,980.86,2.24,-0.27,45.77,46.75
SET50,26/09/2022,974.90,1.80,-1.26,44.98,42.93
SET50,27/09/2022,972.71,1.31,-2.15,42.74,41.59
SET50,28/09/2022,963.75,0.70,-3.55,39.73,36.58
SET50,29/09/2022,956.73,-0.03,-5.14,34.51,33.23
SET50,30/09/2022,954.44,-0.83,-6.42,30.83,32.20
SET50,03/10/2022,937.55,-1.81,-8.72,26.84,25.85
SET50,04/10/2022,946.89,-2.77,-9.46,25.57,33.60
SET50,05/10/2022,948.33,-3.64,-9.72,25.89,34.73
SET50,06/10/2022,950.17,-4.38,-9.59,27.46,36.21
SET50,07/10/2022,946.51,-5.04,-9.64,28.80,34.54
SET50,10/10/2022,940.62,-5.66,-10.02,30.82,31.99
SET50,11/10/2022,937.22,-6.26,-10.43,30.11,30.60
SET50,12/10/2022,937.91,-6.79,-10.48,29.27,31.25
SET50,17/10/2022,942.77,-7.18,-9.92,29.46,35.80
SET50,18/10/2022,952.84,-7.34,-8.47,32.59,44.03
SET50,19/10/2022,952.96,-7.33,-7.23,36.42,44.12
SET50,20/10/2022,961.71,-7.09,-5.43,42.39,50.45
SET50,21/10/2022,961.60,-6.71,-4.02,48.13,50.37
SET50,25/10/2022,967.32,-6.17,-2.40,53.44,54.25
SET50,26/10/2022,967.34,-5.54,-1.17,56.28,54.26
SET50,27/10/2022,974.96,-4.80,0.43,60.37,59.15
SET50,28/10/2022,976.57,-3.98,1.74,62.91,60.11
SET50,31/10/2022,979.45,-3.11,2.93,65.92,61.84
SET50,01/11/2022,989.52,-2.15,4.64,69.09,67.16
SET50,02/11/2022,991.48,-1.13,5.99,72.46,68.09
SET50,03/11/2022,989.65,-0.15,6.72,73.88,66.22
SET50,04/11/2022,989.77,0.77,7.16,75.08,66.28
SET50,07/11/2022,987.27,1.56,7.15,74.83,63.55
SET50,08/11/2022,994.83,2.33,7.67,74.48,67.85
SET50,09/11/2022,989.39,2.97,7.45,71.99,62.19
SET50,10/11/2022,987.63,3.47,7.01,69.59,60.44
SET50,11/11/2022,1001.30,4.01,7.74,69.24,67.94
SET50,14/11/2022,992.15,4.42,7.36,67.42,59.81
SET50,15/11/2022,992.23,4.74,6.95,64.48,59.86
SET50,16/11/2022,984.61,4.88,5.87,61.67,53.72
SET50,17/11/2022,980.74,4.85,4.64,58.65,50.88
SET50,18/11/2022,981.62,4.71,3.72,53.77,51.51
SET50,21/11/2022,984.74,4.53,3.24,52.10,53.74
SET50,22/11/2022,981.97,4.29,2.60,49.74,51.49
SET50,23/11/2022,987.84,4.07,2.58,50.54,55.71
SET50,24/11/2022,988.13,3.88,2.55,52.22,55.91
SET50,25/11/2022,983.27,3.65,2.06,52.36,51.66
SET50,28/11/2022,979.53,3.37,1.34,50.87,48.61
SET50,29/11/2022,986.92,3.12,1.42,51.91,54.32
SET50,30/11/2022,993.78,2.99,2.05,52.96,58.86
SET50,01/12/2022,994.36,2.93,2.54,54.05,59.23
SET50,02/12/2022,987.30,2.85,2.24,54.55,53.05
SET50,06/12/2022,983.77,2.70,1.67,55.13,50.24
SET50,07/12/2022,978.83,2.46,0.80,52.80,46.55
SET50,08/12/2022,977.47,2.16,0.02,48.83,45.56
SET50,09/12/2022,979.01,1.83,-0.43,45.22,46.93
SET50,13/12/2022,981.17,1.53,-0.56,44.19,48.86
SET50,14/12/2022,984.70,1.30,-0.34,45.00,51.92
SET50,15/12/2022,978.58,1.05,-0.71,45.26,46.72
SET50,16/12/2022,980.24,0.81,-0.82,46.30,48.23
SET50,19/12/2022,979.42,0.59,-0.96,46.65,47.52
SET50,20/12/2022,973.67,0.32,-1.55,44.93,42.78
SET50,21/12/2022,973.64,0.04,-1.96,42.19,42.76
SET50,22/12/2022,977.86,-0.20,-1.86,42.59,47.19
SET50,23/12/2022,978.21,-0.39,-1.73,42.61,47.55
SET50,26/12/2022,983.51,-0.48,-1.14,44.58,52.78
SET50,27/12/2022,996.07,-0.37,0.40,50.64,62.33
SET50,28/12/2022,1000.54,-0.09,1.92,57.37,65.03
SET50,29/12/2022,1010.19,0.41,3.85,63.70,69.99
SET50,30/12/2022,1005.24,0.95,4.79,68.31,64.93
